entry_time,entry_price,size,direction,exit_time,exit_price,pnl,pnl_pct,commission,slippage,duration_hours,strategy,coin,timeframe,is_winner
2024-04-02 23:15:00+00:00,0.7753875,1290.3225806451612,LONG,2024-04-03 00:00:00+00:00,0.7186405,-75.65,-7.3185,1.9277,0.5,0.75,backtest,ENA,15m,False
2024-04-03 20:00:00+00:00,1.058529,938.0765900359778,LONG,2024-04-04 02:15:00+00:00,1.0274860000000001,-31.57,-2.9327,1.9568,0.4962,6.25,backtest,ENA,15m,False
2024-04-04 15:45:00+00:00,1.036518,954.9973728985854,LONG,2024-04-04 18:45:00+00:00,0.977511,-58.77,-5.6928,1.9234,0.4947,3.0,backtest,ENA,15m,False
2024-04-06 00:45:00+00:00,0.9814904999999999,1002.5991731434966,LONG,2024-04-06 05:30:00+00:00,1.0234880000000002,39.6,4.279,2.0102,0.4918,4.75,backtest,ENA,15m,True
2024-04-06 22:45:00+00:00,1.0875435,908.51833817568,LONG,2024-04-07 04:15:00+00:00,1.1564215,60.04,6.3334,2.0387,0.4938,5.5,backtest,ENA,15m,True
2024-04-07 19:15:00+00:00,1.1995995,828.7016302681935,LONG,2024-04-07 21:15:00+00:00,1.171414,-25.82,-2.3496,1.9649,0.4968,2.0,backtest,ENA,15m,False
2024-04-09 09:45:00+00:00,1.254627,790.335751638784,LONG,2024-04-09 14:30:00+00:00,1.209395,-38.19,-3.6052,1.9474,0.4955,4.75,backtest,ENA,15m,False
2024-04-10 12:30:00+00:00,1.326663,744.5787685927742,LONG,2024-04-10 16:00:00+00:00,1.491254,119.96,12.4064,2.0982,0.4937,3.5,backtest,ENA,15m,True
2024-04-10 20:45:00+00:00,1.4177085,705.2623297580625,LONG,2024-04-11 07:00:00+00:00,1.387306,-23.92,-2.1445,1.9783,0.4997,10.25,backtest,ENA,15m,False
2024-04-11 16:30:00+00:00,1.4377185,693.8167859329369,LONG,2024-04-11 17:45:00+00:00,1.405297,-24.97,-2.2551,1.9725,0.4985,1.25,backtest,ENA,15m,False
2024-04-12 10:00:00+00:00,1.4137065,703.8697885214985,LONG,2024-04-12 13:15:00+00:00,1.3623185,-38.62,-3.635,1.9539,0.4973,3.25,backtest,ENA,15m,False
2024-04-13 12:45:00+00:00,1.2196095,812.7609276934614,LONG,2024-04-13 14:30:00+00:00,1.1884055000000002,-27.81,-2.5585,1.9571,0.4954,1.75,backtest,ENA,15m,False
2024-04-14 09:45:00+00:00,1.0995495,899.0206722731267,LONG,2024-04-14 11:30:00+00:00,1.069465,-29.49,-2.7361,1.95,0.494,1.75,backtest,ENA,15m,False
2024-04-15 02:00:00+00:00,1.1425709999999998,862.6305275856831,LONG,2024-04-15 04:30:00+00:00,1.1144425,-26.7,-2.4619,1.947,0.4926,2.5,backtest,ENA,15m,False
2024-04-15 18:45:00+00:00,1.0695344999999998,919.0859836419595,LONG,2024-04-15 20:45:00+00:00,1.0394800000000002,-30.05,-2.8101,1.9384,0.4913,2.0,backtest,ENA,15m,False
2024-04-16 10:15:00+00:00,0.994497,985.4595717402091,LONG,2024-04-16 13:00:00+00:00,0.9565215,-39.84,-3.8186,1.9226,0.4898,2.75,backtest,ENA,15m,False
2024-04-17 08:15:00+00:00,1.0035014999999998,972.694136740438,LONG,2024-04-17 10:30:00+00:00,0.9785105000000001,-26.72,-2.4904,1.9279,0.4878,2.25,backtest,ENA,15m,False
2024-04-18 00:30:00+00:00,0.9044519999999999,1076.3147912119794,LONG,2024-04-18 06:00:00+00:00,0.8725635,-36.72,-3.5257,1.9126,0.4865,5.5,backtest,ENA,15m,False
2024-04-19 01:00:00+00:00,0.884442,1096.566859383795,LONG,2024-04-19 01:30:00+00:00,0.853573,-36.24,-3.4902,1.9058,0.4847,0.5,backtest,ENA,15m,False
2024-04-19 22:30:00+00:00,0.9734864999999999,992.5894431005981,LONG,2024-04-20 01:00:00+00:00,0.953523,-22.21,-2.0507,1.9127,0.4829,2.5,backtest,ENA,15m,False
2024-04-20 09:00:00+00:00,0.9814904999999999,982.2800206080149,LONG,2024-04-20 17:00:00+00:00,1.0464765,61.36,6.6212,1.9921,0.4818,8.0,backtest,ENA,15m,True
2024-04-21 14:30:00+00:00,1.0615305,914.0442401227206,LONG,2024-04-21 16:30:00+00:00,1.0304845,-30.77,-2.9246,1.9122,0.4849,2.0,backtest,ENA,15m,False
2024-04-22 08:45:00+00:00,1.0555275,916.3715440448227,LONG,2024-04-22 15:00:00+00:00,1.031484,-24.43,-2.2779,1.9125,0.4834,6.25,backtest,ENA,15m,False
2024-04-23 03:45:00+00:00,1.0115055,953.8847223581815,LONG,2024-04-23 06:45:00+00:00,0.9865065000000001,-26.23,-2.4715,1.9059,0.4822,3.0,backtest,ENA,15m,False
2024-04-25 22:15:00+00:00,0.878439,1095.4467559443863,LONG,2024-04-26 01:00:00+00:00,0.8595700000000001,-23.05,-2.148,1.9039,0.4809,2.75,backtest,ENA,15m,False
2024-04-26 13:00:00+00:00,0.8274134999999999,1160.271903977263,LONG,2024-04-26 18:30:00+00:00,0.8425785,15.18,1.8328,1.9377,0.4798,5.5,backtest,ENA,15m,True
2024-04-26 20:45:00+00:00,0.8324159999999999,1155.181071542805,LONG,2024-04-26 22:30:00+00:00,0.813593,-24.13,-2.2612,1.9014,0.4806,1.75,backtest,ENA,15m,False
2024-04-27 11:45:00+00:00,0.810405,1183.6371745534232,LONG,2024-04-27 14:00:00+00:00,0.8325835,23.83,2.7367,1.9447,0.4794,2.25,backtest,ENA,15m,True
2024-04-27 16:00:00+00:00,0.8094045,1188.104783075497,LONG,2024-04-27 23:45:00+00:00,0.83958,33.41,3.7281,1.9592,0.4806,7.75,backtest,ENA,15m,True
2024-04-28 22:30:00+00:00,0.8674335,1112.5328911390052,LONG,2024-04-28 23:15:00+00:00,0.8485755,-23.37,-2.174,1.9091,0.4823,0.75,backtest,ENA,15m,False
2024-04-30 02:30:00+00:00,0.8984489999999999,1071.5780528366236,LONG,2024-04-30 08:00:00+00:00,0.877561,-24.77,-2.3249,1.9031,0.4811,5.5,backtest,ENA,15m,False
2024-05-01 14:00:00+00:00,0.7953975,1207.3565621991686,LONG,2024-05-01 15:45:00+00:00,0.7786105000000001,-22.65,-2.1105,1.9004,0.4799,1.75,backtest,ENA,15m,False
2024-05-02 01:45:00+00:00,0.776388,1234.061391191347,LONG,2024-05-02 08:45:00+00:00,0.7926035000000001,17.6,2.0886,1.9362,0.4788,7.0,backtest,ENA,15m,True
2024-05-02 20:45:00+00:00,0.8004,1199.298884476367,LONG,2024-05-03 03:45:00+00:00,0.8125935,12.21,1.5234,1.9345,0.4797,7.0,backtest,ENA,15m,True
2024-05-03 06:30:00+00:00,0.8004,1200.8850322072672,LONG,2024-05-03 13:30:00+00:00,0.8205895,21.82,2.5224,1.9466,0.4804,7.0,backtest,ENA,15m,True
2024-05-04 02:15:00+00:00,0.8294144999999999,1161.5656081277054,LONG,2024-05-04 06:15:00+00:00,0.8495750000000001,20.99,2.4307,1.9503,0.4815,4.0,backtest,ENA,15m,True
2024-05-04 14:15:00+00:00,0.8354174999999999,1155.7899839718912,LONG,2024-05-04 19:45:00+00:00,0.8385805000000001,1.24,0.3786,1.9348,0.4825,5.5,backtest,ENA,15m,True
2024-05-04 23:30:00+00:00,0.826413,1168.5916873427875,LONG,2024-05-05 01:15:00+00:00,0.8055970000000001,-26.72,-2.5188,1.9071,0.4826,1.75,backtest,ENA,15m,False
2024-05-06 14:45:00+00:00,0.872436,1103.9374760612332,LONG,2024-05-06 17:30:00+00:00,0.853573,-23.21,-2.1621,1.9054,0.4813,2.75,backtest,ENA,15m,False
2024-05-07 05:15:00+00:00,0.872436,1101.3309429540514,LONG,2024-05-07 08:15:00+00:00,0.9105445000000001,39.53,4.3681,1.9637,0.4802,3.0,backtest,ENA,15m,True
2024-05-07 12:15:00+00:00,0.884442,1090.906359697693,LONG,2024-05-07 14:45:00+00:00,0.9805095,102.28,10.8619,2.0345,0.4822,2.5,backtest,ENA,15m,True
2024-05-07 18:15:00+00:00,0.9394694999999998,1037.9529633734853,LONG,2024-05-07 22:00:00+00:00,0.9155420000000001,-27.25,-2.5469,1.9254,0.4873,3.75,backtest,ENA,15m,False
2024-05-08 15:30:00+00:00,0.8914455,1090.8661395958304,LONG,2024-05-08 18:45:00+00:00,0.9075460000000001,15.12,1.8061,1.9625,0.486,3.25,backtest,ENA,15m,True
2024-05-08 20:30:00+00:00,0.8674335,1122.8625520062608,LONG,2024-05-09 02:30:00+00:00,0.8945525000000001,27.99,3.1263,1.9785,0.4868,6.0,backtest,ENA,15m,True
2024-05-09 07:30:00+00:00,0.878439,1112.0376710279618,LONG,2024-05-09 10:15:00+00:00,0.8575710000000001,-25.62,-2.3756,1.9305,0.4882,2.75,backtest,ENA,15m,False
2024-05-10 14:15:00+00:00,0.8894445,1095.4504220595713,LONG,2024-05-10 14:45:00+00:00,0.869565,-24.19,-2.235,1.9269,0.4869,0.5,backtest,ENA,15m,False
2024-05-11 10:00:00+00:00,0.848424,1145.6191448292282,LONG,2024-05-11 15:00:00+00:00,0.8645675,16.05,1.9028,1.9624,0.4857,5.0,backtest,ENA,15m,True
2024-05-11 19:15:00+00:00,0.8544269999999999,1139.5061130235729,LONG,2024-05-12 02:15:00+00:00,0.8365815,-22.75,-2.0886,1.9269,0.4866,7.0,backtest,ENA,15m,False
2024-05-12 09:30:00+00:00,0.8394194999999999,1157.2252972639126,LONG,2024-05-12 12:30:00+00:00,0.847576,7.0,0.9717,1.9522,0.4855,3.0,backtest,ENA,15m,True
2024-05-12 21:15:00+00:00,0.8224109999999999,1182.0689675310068,LONG,2024-05-13 02:30:00+00:00,0.8015990000000001,-27.01,-2.5306,1.9197,0.4858,5.25,backtest,ENA,15m,False
2024-05-13 11:30:00+00:00,0.7993995,1212.7767226219462,LONG,2024-05-13 14:30:00+00:00,0.7726135000000001,-34.88,-3.3508,1.9065,0.4845,3.0,backtest,ENA,15m,False
2024-05-14 09:00:00+00:00,0.748374,1290.8681940440156,LONG,2024-05-14 11:45:00+00:00,0.721639,-36.89,-3.5724,1.8976,0.4828,2.75,backtest,ENA,15m,False
2024-05-15 08:30:00+00:00,0.6853425,1404.2752049687917,LONG,2024-05-15 11:30:00+00:00,0.6696650000000001,-24.4,-2.2875,1.9028,0.481,3.0,backtest,ENA,15m,False
2024-05-16 12:30:00+00:00,0.6913455,1388.6203815640513,LONG,2024-05-16 14:00:00+00:00,0.6766615000000001,-22.77,-2.124,1.8996,0.4798,1.5,backtest,ENA,15m,False
2024-05-16 22:00:00+00:00,0.668334,1433.095314706995,LONG,2024-05-17 01:30:00+00:00,0.6926535,32.42,3.6388,1.9504,0.4787,3.5,backtest,ENA,15m,True
2024-05-17 17:45:00+00:00,0.7233615,1328.627720750405,LONG,2024-05-17 21:30:00+00:00,0.7276360000000001,3.27,0.5909,1.9278,0.4803,3.75,backtest,ENA,15m,True
2024-05-18 01:30:00+00:00,0.7153575,1344.018154041254,LONG,2024-05-18 08:00:00+00:00,0.7426285,34.21,3.8122,1.9596,0.4805,6.5,backtest,ENA,15m,True
2024-05-18 14:30:00+00:00,0.7453725,1294.5534150342594,LONG,2024-05-19 09:00:00+00:00,0.7286355,-24.06,-2.2455,1.9082,0.4822,18.5,backtest,ENA,15m,False
2024-05-20 08:00:00+00:00,0.710355,1355.0489901076119,LONG,2024-05-20 10:15:00+00:00,0.731634,26.4,2.9955,1.954,0.481,2.25,backtest,ENA,15m,True
2024-05-21 09:00:00+00:00,0.8434214999999999,1144.451712524414,LONG,2024-05-21 11:30:00+00:00,0.8895550000000001,50.33,5.4698,1.9833,0.4824,2.5,backtest,ENA,15m,True
2024-05-22 03:00:00+00:00,0.8604299999999999,1127.7374610282263,LONG,2024-05-22 04:30:00+00:00,0.8425785,-22.54,-2.0747,1.9205,0.4849,1.5,backtest,ENA,15m,False
2024-05-24 06:15:00+00:00,0.8504249999999999,1138.410567371891,LONG,2024-05-24 11:15:00+00:00,0.8675660000000001,17.07,2.0156,1.9558,0.4838,5.0,backtest,ENA,15m,True
2024-05-24 18:45:00+00:00,0.8524259999999999,1137.7990057325878,LONG,2024-05-25 02:45:00+00:00,0.8645675,11.38,1.4243,1.9536,0.4847,8.0,backtest,ENA,15m,True
2024-05-25 20:30:00+00:00,0.9174585,1058.441495591811,LONG,2024-05-26 15:00:00+00:00,0.93953,20.91,2.4057,1.9655,0.4853,18.5,backtest,ENA,15m,True
2024-05-26 19:00:00+00:00,0.9214605,1056.1676851454447,LONG,2024-05-27 02:15:00+00:00,0.9405295,17.69,2.0694,1.9666,0.4864,7.25,backtest,ENA,15m,True
2024-05-27 06:30:00+00:00,0.9214605,1058.140918300526,LONG,2024-05-27 18:15:00+00:00,0.9385305,15.61,1.8525,1.9681,0.4873,11.75,backtest,ENA,15m,True
2024-05-27 21:45:00+00:00,0.916458,1065.6738188772047,LONG,2024-05-28 01:45:00+00:00,0.8835580000000001,-37.47,-3.5899,1.9182,0.4881,4.0,backtest,ENA,15m,False
2024-05-28 12:45:00+00:00,0.9054525,1074.5406960663156,LONG,2024-05-28 18:30:00+00:00,0.885557,-23.79,-2.1973,1.9245,0.4862,5.75,backtest,ENA,15m,False
2024-05-30 06:00:00+00:00,0.8364179999999999,1160.4414201668558,LONG,2024-05-30 08:00:00+00:00,0.813593,-28.89,-2.7289,1.9147,0.4851,2.0,backtest,ENA,15m,False
2024-05-31 06:45:00+00:00,0.864432,1119.5472764856863,LONG,2024-05-31 10:15:00+00:00,0.8905545,26.8,3.0219,1.9648,0.4836,3.5,backtest,ENA,15m,True
2024-05-31 15:00:00+00:00,0.8834415,1098.5468898183572,LONG,2024-05-31 16:00:00+00:00,0.8645675,-23.14,-2.1364,1.9203,0.485,1.0,backtest,ENA,15m,False
2024-06-01 18:30:00+00:00,0.9014504999999999,1074.085993688597,LONG,2024-06-01 23:15:00+00:00,0.9135430000000001,10.56,1.3414,1.9495,0.4839,4.75,backtest,ENA,15m,True
2024-06-02 07:30:00+00:00,0.8994495,1077.7034173453162,LONG,2024-06-02 21:15:00+00:00,0.9155420000000001,14.9,1.7891,1.956,0.4844,13.75,backtest,ENA,15m,True
2024-06-03 16:15:00+00:00,0.9454724999999999,1026.8720246005864,LONG,2024-06-03 18:30:00+00:00,0.9895050000000001,42.74,4.6572,1.987,0.4852,2.25,backtest,ENA,15m,True
2024-06-04 04:30:00+00:00,1.0075034999999999,967.9413483149123,LONG,2024-06-04 05:30:00+00:00,0.985507,-23.71,-2.1833,1.9291,0.4874,1.0,backtest,ENA,15m,False
2024-06-04 22:45:00+00:00,0.9744869999999999,998.3520481063414,LONG,2024-06-05 02:00:00+00:00,0.953523,-23.34,-2.1513,1.9248,0.4862,3.25,backtest,ENA,15m,False
2024-06-06 06:30:00+00:00,0.9624809999999999,1008.4297997370597,LONG,2024-06-07 02:30:00+00:00,0.9425285,-22.53,-2.073,1.9211,0.4851,20.0,backtest,ENA,15m,False
2024-06-08 00:15:00+00:00,0.8824409999999999,1097.398290149973,LONG,2024-06-08 04:15:00+00:00,0.8605695,-26.4,-2.4785,1.9128,0.484,4.0,backtest,ENA,15m,False
2024-06-08 12:30:00+00:00,0.8454225,1142.3832434556232,LONG,2024-06-08 19:45:00+00:00,0.827586,-22.77,-2.1098,1.9112,0.4827,7.25,backtest,ENA,15m,False
2024-06-10 02:00:00+00:00,0.8154075,1181.6995191793642,LONG,2024-06-10 06:45:00+00:00,0.7976010000000001,-23.43,-2.1838,1.9061,0.4815,4.75,backtest,ENA,15m,False
2024-06-10 12:30:00+00:00,0.806403,1192.047526985002,LONG,2024-06-10 14:00:00+00:00,0.7896050000000001,-22.41,-2.0831,1.9025,0.4804,1.5,backtest,ENA,15m,False
2024-06-11 14:30:00+00:00,0.7363679999999999,1302.442465392358,LONG,2024-06-11 15:30:00+00:00,0.711644,-34.57,-3.3576,1.8859,0.4793,1.0,backtest,ENA,15m,False
2024-06-12 18:00:00+00:00,0.74037,1290.7958136599332,LONG,2024-06-12 19:45:00+00:00,0.7166415,-32.99,-3.205,1.8807,0.4776,1.75,backtest,ENA,15m,False
2024-06-13 20:30:00+00:00,0.6943469999999999,1371.6685422361058,LONG,2024-06-14 04:45:00+00:00,0.7126435,22.69,2.6351,1.9299,0.476,8.25,backtest,ENA,15m,True
2024-06-14 14:30:00+00:00,0.6993495,1365.1711700948026,LONG,2024-06-14 16:00:00+00:00,0.6826585000000001,-25.15,-2.3866,1.8867,0.4771,1.5,backtest,ENA,15m,False
2024-06-15 01:15:00+00:00,0.7033514999999999,1353.8938464303767,LONG,2024-06-15 04:45:00+00:00,0.7206395,21.0,2.4579,1.9279,0.4759,3.5,backtest,ENA,15m,True
2024-06-15 09:30:00+00:00,0.7133565,1337.9175192686282,LONG,2024-06-15 13:45:00+00:00,0.731634,22.04,2.5622,1.9333,0.477,4.25,backtest,ENA,15m,True
2024-06-16 03:00:00+00:00,0.7353675,1300.935021636518,LONG,2024-06-16 09:45:00+00:00,0.7406295,4.45,0.7156,1.9202,0.4781,6.75,backtest,ENA,15m,True
2024-06-17 02:00:00+00:00,0.754377,1268.8060675093268,LONG,2024-06-17 03:45:00+00:00,0.7386305000000001,-22.35,-2.0874,1.8943,0.4783,1.75,backtest,ENA,15m,False
2024-06-17 20:30:00+00:00,0.7013504999999999,1361.6154303594146,LONG,2024-06-17 22:30:00+00:00,0.6856570000000001,-23.73,-2.2376,1.8886,0.4772,2.0,backtest,ENA,15m,False
2024-06-18 09:30:00+00:00,0.5982989999999999,1592.2520224851576,LONG,2024-06-18 11:00:00+00:00,0.585707,-22.41,-2.1046,1.8852,0.4761,1.5,backtest,ENA,15m,False
2024-06-19 08:00:00+00:00,0.6513255,1459.252262764898,LONG,2024-06-19 08:45:00+00:00,0.6346825,-26.64,-2.5553,1.8766,0.475,0.75,backtest,ENA,15m,False
2024-06-20 14:30:00+00:00,0.622311,1523.0818805113145,LONG,2024-06-20 16:00:00+00:00,0.6066965,-26.13,-2.5091,1.8719,0.4737,1.5,backtest,ENA,15m,False
2024-06-21 00:00:00+00:00,0.6073035,1556.4934542217434,LONG,2024-06-22 00:00:00+00:00,0.5927035,-25.06,-2.4041,1.8678,0.4724,24.0,backtest,ENA,15m,False
2024-06-22 20:00:00+00:00,0.6003,1570.5537784248797,LONG,2024-06-23 14:45:00+00:00,0.587706,-22.12,-2.098,1.8658,0.4712,18.75,backtest,ENA,15m,False
2024-06-25 07:45:00+00:00,0.5552775,1693.9959096171215,LONG,2024-06-25 12:15:00+00:00,0.5617190000000001,8.55,1.1601,1.8922,0.4701,4.5,backtest,ENA,15m,True
2024-06-26 00:45:00+00:00,0.5682839999999999,1656.8128485203843,LONG,2024-06-26 02:30:00+00:00,0.587706,29.79,3.4177,1.9153,0.4705,1.75,backtest,ENA,15m,True
2024-06-26 09:30:00+00:00,0.5782889999999999,1633.3841389423626,LONG,2024-06-26 12:30:00+00:00,0.5647175,-24.51,-2.3468,1.867,0.472,3.0,backtest,ENA,15m,False
2024-06-27 00:00:00+00:00,0.556278,1693.6917072256092,LONG,2024-06-27 06:30:00+00:00,0.5437280000000001,-23.59,-2.2561,1.8631,0.4708,6.5,backtest,ENA,15m,False
2024-06-27 17:30:00+00:00,0.5682839999999999,1653.8392606286548,LONG,2024-06-28 00:45:00+00:00,0.5547225000000001,-24.76,-2.3864,1.8573,0.4697,7.25,backtest,ENA,15m,False
2024-06-29 05:00:00+00:00,0.514257,1822.864046254486,LONG,2024-06-29 11:30:00+00:00,0.5267365,20.38,2.4267,1.8976,0.4685,6.5,backtest,ENA,15m,True
2024-06-29 14:45:00+00:00,0.514257,1826.920628043023,LONG,2024-06-29 19:30:00+00:00,0.49875050000000004,-30.65,-3.0153,1.8507,0.4695,4.75,backtest,ENA,15m,False
2024-07-01 05:00:00+00:00,0.5332665,1756.1336234195464,LONG,2024-07-01 10:00:00+00:00,0.5197400000000001,-26.07,-2.5365,1.8492,0.468,5.0,backtest,ENA,15m,False
2024-07-02 12:30:00+00:00,0.5032515,1855.7830343267472,LONG,2024-07-02 12:45:00+00:00,0.5147425,18.97,2.2834,1.8892,0.4667,0.25,backtest,ENA,15m,True
2024-07-02 16:15:00+00:00,0.50025,1870.8048556764088,LONG,2024-07-02 23:30:00+00:00,0.5127435,21.01,2.4975,1.8951,0.4677,7.25,backtest,ENA,15m,True
2024-07-03 02:15:00+00:00,0.49224599999999996,1905.5898482779749,LONG,2024-07-03 03:00:00+00:00,0.477761,-29.92,-2.9426,1.8484,0.4688,0.75,backtest,ENA,15m,False
2024-07-04 06:15:00+00:00,0.446223,2095.527166462444,LONG,2024-07-04 12:15:00+00:00,0.43378300000000003,-28.38,-2.7878,1.8441,0.4673,6.0,backtest,ENA,15m,False
2024-07-06 04:00:00+00:00,0.3731865,2498.1605202587725,LONG,2024-07-06 08:15:00+00:00,0.37981000000000004,14.2,1.7748,1.8811,0.4659,4.25,backtest,ENA,15m,True
2024-07-07 01:00:00+00:00,0.404202,2310.1000474998514,LONG,2024-07-07 11:00:00+00:00,0.4187905,31.33,3.6092,1.9012,0.4666,10.0,backtest,ENA,15m,True
2024-07-07 13:45:00+00:00,0.398199,2352.9155462571,LONG,2024-07-07 21:00:00+00:00,0.3888055,-24.42,-2.359,1.8517,0.4682,7.25,backtest,ENA,15m,False
2024-07-10 08:15:00+00:00,0.424212,2202.9834946661763,LONG,2024-07-10 10:00:00+00:00,0.413793,-25.27,-2.4561,1.8461,0.467,1.75,backtest,ENA,15m,False
2024-07-10 19:15:00+00:00,0.41120549999999995,2266.630421456236,LONG,2024-07-11 01:45:00+00:00,0.423788,26.16,3.0599,1.8926,0.4658,6.5,backtest,ENA,15m,True
2024-07-11 05:15:00+00:00,0.41420699999999994,2256.6372640244413,LONG,2024-07-11 15:45:00+00:00,0.40479750000000003,-23.55,-2.2717,1.8482,0.4671,10.5,backtest,ENA,15m,False
2024-07-13 11:15:00+00:00,0.396198,2353.382893637907,LONG,2024-07-13 22:45:00+00:00,0.40079950000000003,8.49,1.1614,1.8756,0.466,11.5,backtest,ENA,15m,True
2024-07-14 11:45:00+00:00,0.390195,2391.884539493579,LONG,2024-07-14 13:00:00+00:00,0.381809,-22.37,-2.1492,1.8465,0.4664,1.25,backtest,ENA,15m,False
2024-07-16 04:30:00+00:00,0.4712355,1975.8906211066403,LONG,2024-07-16 05:45:00+00:00,0.45977000000000007,-24.96,-2.4331,1.8396,0.4653,1.25,backtest,ENA,15m,False
2024-07-16 21:00:00+00:00,0.464232,2000.4204089068373,LONG,2024-07-17 01:30:00+00:00,0.477761,24.72,2.9143,1.8844,0.4641,4.5,backtest,ENA,15m,True
2024-07-17 12:45:00+00:00,0.4672335,1992.9614537504576,LONG,2024-07-17 16:15:00+00:00,0.45677150000000005,-23.16,-2.2391,1.8415,0.4654,3.5,backtest,ENA,15m,False
2024-07-17 23:45:00+00:00,0.4572285,2031.605717702896,LONG,2024-07-18 02:00:00+00:00,0.4707645,25.15,2.9604,1.8853,0.4642,2.25,backtest,ENA,15m,True
2024-07-18 15:30:00+00:00,0.462231,2015.162903634423,LONG,2024-07-18 23:00:00+00:00,0.495752,65.15,7.252,1.9305,0.4655,7.5,backtest,ENA,15m,True
2024-07-19 02:30:00+00:00,0.47223599999999993,1986.3712636487464,LONG,2024-07-19 09:45:00+00:00,0.46076950000000005,-25.1,-2.4281,1.8533,0.4688,7.25,backtest,ENA,15m,False
2024-07-19 20:15:00+00:00,0.490245,1908.3759905996876,LONG,2024-07-20 00:30:00+00:00,0.477761,-26.14,-2.5465,1.8473,0.4676,4.25,backtest,ENA,15m,False
2024-07-20 13:00:00+00:00,0.48824399999999996,1910.9366557608448,LONG,2024-07-20 19:00:00+00:00,0.5057470000000001,31.08,3.5849,1.8995,0.4663,6.0,backtest,ENA,15m,True
2024-07-20 22:30:00+00:00,0.49624799999999997,1886.4755107586448,LONG,2024-07-21 00:45:00+00:00,0.485757,-22.11,-2.1141,1.8525,0.4678,2.25,backtest,ENA,15m,False
2024-07-22 05:15:00+00:00,0.47823899999999997,1952.986401637645,LONG,2024-07-22 06:30:00+00:00,0.46576700000000004,-26.67,-2.6079,1.8436,0.4668,1.25,backtest,ENA,15m,False
2024-07-22 15:00:00+00:00,0.4532265,2054.9831642965946,LONG,2024-07-22 17:00:00+00:00,0.4427785,-23.78,-2.3052,1.8413,0.4655,2.0,backtest,ENA,15m,False
2024-07-23 05:15:00+00:00,0.43321649999999995,2144.5177841218924,LONG,2024-07-23 08:45:00+00:00,0.4507745,35.29,4.0529,1.8958,0.4643,3.5,backtest,ENA,15m,True
2024-07-23 12:15:00+00:00,0.43721849999999995,2133.0708683707644,LONG,2024-07-23 16:30:00+00:00,0.421789,-35.21,-3.529,1.8323,0.4661,4.25,backtest,ENA,15m,False
2024-07-24 15:30:00+00:00,0.48023999999999994,1934.7448270709965,LONG,2024-07-24 16:15:00+00:00,0.469765,-22.57,-2.1812,1.838,0.4643,0.75,backtest,ENA,15m,False
2024-07-25 18:00:00+00:00,0.43321649999999995,2139.646815309815,LONG,2024-07-25 18:45:00+00:00,0.421789,-26.74,-2.6378,1.8294,0.4632,0.75,backtest,ENA,15m,False
2024-07-26 10:30:00+00:00,0.44022,2099.634204155103,LONG,2024-07-26 16:00:00+00:00,0.45377300000000004,26.12,3.0787,1.8771,0.4619,5.5,backtest,ENA,15m,True
2024-07-27 00:45:00+00:00,0.4612305,2009.7548302977991,LONG,2024-07-27 03:15:00+00:00,0.45177400000000006,-21.3,-2.0503,1.8349,0.4632,2.5,backtest,ENA,15m,False
2024-07-27 16:30:00+00:00,0.4532265,2040.646714119223,LONG,2024-07-27 21:00:00+00:00,0.46676650000000003,25.29,2.9875,1.8774,0.4622,4.5,backtest,ENA,15m,True
2024-07-28 01:30:00+00:00,0.462231,2006.4680901498411,LONG,2024-07-28 04:30:00+00:00,0.45177400000000006,-23.28,-2.2623,1.8339,0.4635,3.0,backtest,ENA,15m,False
2024-07-28 14:45:00+00:00,0.4532265,2041.2951496333717,LONG,2024-07-28 21:00:00+00:00,0.443778,-21.58,-2.0847,1.831,0.4624,6.25,backtest,ENA,15m,False
2024-07-29 10:00:00+00:00,0.4632315,1992.645531073141,LONG,2024-07-29 14:45:00+00:00,0.45177400000000006,-25.12,-2.4734,1.8233,0.4613,4.75,backtest,ENA,15m,False
2024-07-30 10:00:00+00:00,0.43721849999999995,2105.559451266691,LONG,2024-07-30 17:15:00+00:00,0.425787,-26.35,-2.6146,1.8171,0.4601,7.25,backtest,ENA,15m,False
2024-08-01 14:15:00+00:00,0.3911955,2346.6516627523893,LONG,2024-08-01 16:15:00+00:00,0.3808095,-26.64,-2.6549,1.8116,0.4588,2.0,backtest,ENA,15m,False
2024-08-02 02:00:00+00:00,0.38719349999999997,2364.1405845242507,LONG,2024-08-02 06:00:00+00:00,0.3768115,-26.81,-2.6813,1.8062,0.4575,4.0,backtest,ENA,15m,False
2024-08-02 14:45:00+00:00,0.36518249999999997,2499.417356480478,LONG,2024-08-02 20:30:00+00:00,0.3528235,-33.14,-3.3843,1.7946,0.4561,5.75,backtest,ENA,15m,False
2024-08-03 15:45:00+00:00,0.338169,2689.4048728943935,LONG,2024-08-03 16:45:00+00:00,0.32883550000000006,-27.35,-2.76,1.7938,0.4545,1.0,backtest,ENA,15m,False
2024-08-05 00:00:00+00:00,0.28714349999999994,3157.941838659118,LONG,2024-08-05 00:45:00+00:00,0.27886050000000007,-28.4,-2.8846,1.7874,0.4532,0.75,backtest,ENA,15m,False
2024-08-05 18:45:00+00:00,0.2551275,3543.2739018123034,LONG,2024-08-05 22:15:00+00:00,0.2668665,39.29,4.6012,1.8496,0.4518,3.5,backtest,ENA,15m,True
2024-08-06 04:30:00+00:00,0.274137,3312.077866050365,LONG,2024-08-06 05:45:00+00:00,0.27986000000000005,16.67,2.0876,1.8349,0.4538,1.25,backtest,ENA,15m,True
2024-08-06 11:00:00+00:00,0.2731365,3330.481129475317,LONG,2024-08-06 14:15:00+00:00,0.2868565,43.37,5.0231,1.8651,0.4546,3.25,backtest,ENA,15m,True
2024-08-07 07:30:00+00:00,0.2791395,3274.56724556685,LONG,2024-08-07 14:15:00+00:00,0.269865,-32.62,-3.3225,1.7977,0.4568,6.75,backtest,ENA,15m,False
2024-08-08 20:15:00+00:00,0.29514749999999995,3086.0592894219276,LONG,2024-08-08 21:45:00+00:00,0.3028485,21.47,2.6092,1.8455,0.4552,1.5,backtest,ENA,15m,True
2024-08-09 02:15:00+00:00,0.3051525,2992.0639944024424,LONG,2024-08-09 08:15:00+00:00,0.311844,17.72,2.1928,1.8461,0.4563,6.0,backtest,ENA,15m,True
2024-08-09 12:15:00+00:00,0.30615299999999995,2988.225645640996,LONG,2024-08-10 06:45:00+00:00,0.30984500000000004,8.73,1.2059,1.8407,0.4572,18.5,backtest,ENA,15m,True
2024-08-11 00:30:00+00:00,0.31815899999999997,2878.3529112413335,LONG,2024-08-11 08:15:00+00:00,0.3248375,16.91,2.0991,1.8508,0.4577,7.75,backtest,ENA,15m,True
2024-08-11 10:30:00+00:00,0.3171585,2892.9131093827245,LONG,2024-08-11 13:00:00+00:00,0.30984500000000004,-23.43,-2.3059,1.8139,0.4585,2.5,backtest,ENA,15m,False
2024-08-12 18:15:00+00:00,0.32916449999999997,2780.414401276043,LONG,2024-08-12 18:45:00+00:00,0.32183900000000004,-22.64,-2.2255,1.81,0.4574,0.5,backtest,ENA,15m,False
2024-08-14 07:45:00+00:00,0.334167,2732.1513187803603,LONG,2024-08-14 13:30:00+00:00,0.32683650000000003,-22.29,-2.1937,1.806,0.4563,5.75,backtest,ENA,15m,False
2024-08-15 16:30:00+00:00,0.316158,2880.870701728598,LONG,2024-08-15 17:45:00+00:00,0.30584700000000004,-31.95,-3.2613,1.7919,0.4552,1.25,backtest,ENA,15m,False
2024-08-16 23:30:00+00:00,0.29914949999999996,3034.132059558652,LONG,2024-08-17 10:45:00+00:00,0.291854,-24.38,-2.4387,1.7932,0.4536,11.25,backtest,ENA,15m,False
2024-08-17 20:45:00+00:00,0.298149,3036.2839515411615,LONG,2024-08-18 05:30:00+00:00,0.2908545,-24.39,-2.4466,1.7884,0.4524,8.75,backtest,ENA,15m,False
2024-08-18 18:15:00+00:00,0.29614799999999997,3048.712713196178,LONG,2024-08-18 21:30:00+00:00,0.2988505,5.97,0.9126,1.814,0.4512,3.25,backtest,ENA,15m,True
2024-08-18 23:30:00+00:00,0.29214599999999996,3092.676299008133,LONG,2024-08-19 07:45:00+00:00,0.2848575,-24.78,-2.4948,1.7845,0.4515,8.25,backtest,ENA,15m,False
2024-08-20 11:00:00+00:00,0.2971485,3032.420655782458,LONG,2024-08-20 14:30:00+00:00,0.2908545,-21.32,-2.1181,1.7831,0.4503,3.5,backtest,ENA,15m,False
2024-08-21 09:30:00+00:00,0.29114549999999995,3087.7732744745035,LONG,2024-08-21 13:30:00+00:00,0.2848575,-21.64,-2.1597,1.7786,0.4493,4.0,backtest,ENA,15m,False
2024-08-22 01:00:00+00:00,0.30315149999999996,2958.4903475131396,LONG,2024-08-22 06:00:00+00:00,0.30584700000000004,5.72,0.8892,1.8017,0.4482,5.0,backtest,ENA,15m,True
2024-08-22 14:15:00+00:00,0.30015,2990.132881024967,LONG,2024-08-22 21:15:00+00:00,0.303848,8.8,1.2321,1.806,0.4485,7.0,backtest,ENA,15m,True
2024-08-24 21:45:00+00:00,0.362181,2480.566329891931,LONG,2024-08-25 07:30:00+00:00,0.3508245,-30.39,-3.1356,1.7686,0.449,9.75,backtest,ENA,15m,False
2024-08-28 13:15:00+00:00,0.274137,3266.317853609547,LONG,2024-08-28 14:30:00+00:00,0.2668665,-25.96,-2.6521,1.7671,0.4475,1.25,backtest,ENA,15m,False
2024-08-29 18:00:00+00:00,0.2451225,3642.5290110108936,LONG,2024-08-29 18:45:00+00:00,0.237881,-28.58,-2.9542,1.7593,0.4462,0.75,backtest,ENA,15m,False
2024-08-31 09:00:00+00:00,0.23911949999999998,3722.2005697201403,LONG,2024-08-31 13:00:00+00:00,0.243878,15.47,1.99,1.7978,0.4448,4.0,backtest,ENA,15m,True
2024-08-31 16:45:00+00:00,0.23511749999999998,3792.329204326372,LONG,2024-08-31 23:15:00+00:00,0.237881,8.24,1.1754,1.7938,0.4456,6.5,backtest,ENA,15m,True
2024-09-01 11:00:00+00:00,0.2331165,3828.6094249826106,LONG,2024-09-01 17:15:00+00:00,0.22588700000000003,-29.88,-3.1012,1.7573,0.446,6.25,backtest,ENA,15m,False
2024-09-01 22:00:00+00:00,0.2271135,3916.8386328834818,LONG,2024-09-01 22:45:00+00:00,0.21889050000000002,-34.4,-3.6207,1.7469,0.4446,0.75,backtest,ENA,15m,False
2024-09-02 05:00:00+00:00,0.22011,4026.0311920622903,LONG,2024-09-02 09:45:00+00:00,0.23288350000000002,49.16,5.8032,1.8238,0.4429,4.75,backtest,ENA,15m,True
2024-09-03 00:30:00+00:00,0.23711849999999998,3758.1735611134354,LONG,2024-09-03 09:00:00+00:00,0.23188400000000003,-21.88,-2.2075,1.7626,0.4453,8.5,backtest,ENA,15m,False
2024-09-03 13:45:00+00:00,0.2291145,3880.1033174380045,LONG,2024-09-03 15:15:00+00:00,0.22288850000000002,-26.36,-2.7174,1.7538,0.4443,1.5,backtest,ENA,15m,False
2024-09-04 06:00:00+00:00,0.21310649999999998,4159.401533793042,LONG,2024-09-04 14:00:00+00:00,0.215892,9.36,1.3071,1.7844,0.443,8.0,backtest,ENA,15m,True
2024-09-04 19:15:00+00:00,0.218109,4068.4985764649364,LONG,2024-09-05 03:45:00+00:00,0.2128935,-23.42,-2.3912,1.7535,0.4435,8.5,backtest,ENA,15m,False
2024-09-05 14:45:00+00:00,0.210105,4212.549580705501,LONG,2024-09-05 19:30:00+00:00,0.2048975,-24.13,-2.4785,1.7482,0.4423,4.75,backtest,ENA,15m,False
2024-09-06 07:15:00+00:00,0.20610299999999998,4282.84905799225,LONG,2024-09-06 13:00:00+00:00,0.21689150000000001,43.95,5.2345,1.8116,0.4411,5.75,backtest,ENA,15m,True
2024-09-06 18:15:00+00:00,0.20410199999999998,4346.599476164047,LONG,2024-09-06 20:45:00+00:00,0.19590200000000002,-37.82,-4.0176,1.7386,0.4434,2.5,backtest,ENA,15m,False
2024-09-10 01:15:00+00:00,0.232116,3805.897489603294,LONG,2024-09-10 03:45:00+00:00,0.22688650000000002,-22.09,-2.253,1.7469,0.4415,2.5,backtest,ENA,15m,False
2024-09-11 00:00:00+00:00,0.22811399999999998,3863.172073688612,LONG,2024-09-11 01:30:00+00:00,0.22288850000000002,-22.37,-2.2907,1.7423,0.4404,1.5,backtest,ENA,15m,False
2024-09-11 21:45:00+00:00,0.212106,4144.388222515916,LONG,2024-09-12 11:00:00+00:00,0.203898,-36.18,-3.8698,1.7241,0.4393,13.25,backtest,ENA,15m,False
2024-09-13 02:45:00+00:00,0.20910449999999997,4186.775994116155,LONG,2024-09-13 11:00:00+00:00,0.2128935,13.66,1.812,1.7668,0.4375,8.25,backtest,ENA,15m,True
2024-09-15 10:45:00+00:00,0.2231115,3930.2505392264366,LONG,2024-09-15 13:45:00+00:00,0.22688650000000002,12.63,1.692,1.7686,0.4382,3.0,backtest,ENA,15m,True
2024-09-15 16:45:00+00:00,0.2211105,3971.731577157412,LONG,2024-09-15 20:30:00+00:00,0.215892,-22.9,-2.3601,1.7356,0.4389,3.75,backtest,ENA,15m,False
2024-09-16 11:45:00+00:00,0.21310649999999998,4110.358994170548,LONG,2024-09-16 13:45:00+00:00,0.21689150000000001,13.35,1.7761,1.7675,0.4378,2.0,backtest,ENA,15m,True
2024-09-16 21:15:00+00:00,0.20810399999999998,4215.795630773418,LONG,2024-09-17 04:30:00+00:00,0.211894,13.77,1.8212,1.7706,0.4384,7.25,backtest,ENA,15m,True
2024-09-18 09:30:00+00:00,0.2271135,3869.190371490932,LONG,2024-09-18 14:45:00+00:00,0.221889,-22.39,-2.3004,1.7373,0.4392,5.25,backtest,ENA,15m,False
2024-09-19 19:45:00+00:00,0.2491245,3518.518189442475,LONG,2024-09-20 01:00:00+00:00,0.241879,-27.66,-2.9084,1.7276,0.4381,5.25,backtest,ENA,15m,False
2024-09-20 17:45:00+00:00,0.25612799999999997,3411.675498335602,LONG,2024-09-20 21:30:00+00:00,0.26086950000000003,13.98,1.8512,1.7638,0.4367,3.75,backtest,ENA,15m,True
2024-09-22 04:15:00+00:00,0.28014,3124.3935353149495,LONG,2024-09-22 05:30:00+00:00,0.273863,-21.78,-2.2407,1.7309,0.4374,1.25,backtest,ENA,15m,False
2024-09-23 06:30:00+00:00,0.286143,3051.3843240007427,LONG,2024-09-23 07:15:00+00:00,0.27986000000000005,-21.34,-2.1958,1.7271,0.4363,0.75,backtest,ENA,15m,False
2024-09-25 04:30:00+00:00,0.3209604,2713.859175625637,LONG,2024-09-25 06:15:00+00:00,0.3128435,-24.18,-2.5289,1.72,0.4353,1.75,backtest,ENA,15m,False
2024-09-26 23:00:00+00:00,0.3627813,2394.4600297625193,LONG,2024-09-27 01:00:00+00:00,0.37331325000000004,23.02,2.9031,1.7626,0.4341,2.0,backtest,ENA,15m,True
2024-09-27 11:30:00+00:00,0.34647314999999995,2513.938157436166,LONG,2024-09-28 01:00:00+00:00,0.36711635000000004,49.67,5.9581,1.7939,0.4353,13.5,backtest,ENA,15m,True
2024-09-28 05:30:00+00:00,0.35807894999999995,2446.4570050583634,LONG,2024-09-28 09:00:00+00:00,0.34952515,-23.1,-2.3888,1.7311,0.4378,3.5,backtest,ENA,15m,False
2024-09-29 07:15:00+00:00,0.3569784,2447.6491043153683,LONG,2024-09-29 16:00:00+00:00,0.37391295,39.22,4.7439,1.789,0.4367,8.75,backtest,ENA,15m,True
2024-09-30 10:45:00+00:00,0.39709844999999994,2210.3484136070483,LONG,2024-09-30 14:00:00+00:00,0.3888055,-20.51,-2.0884,1.7371,0.4386,3.25,backtest,ENA,15m,False
2024-10-01 07:00:00+00:00,0.3817908,2293.712115280791,LONG,2024-10-01 13:15:00+00:00,0.36961510000000003,-30.09,-3.1891,1.7235,0.4376,6.25,backtest,ENA,15m,False
2024-10-02 12:00:00+00:00,0.3543771,2462.776506500861,LONG,2024-10-02 13:00:00+00:00,0.3440279,-27.64,-2.9204,1.72,0.4362,1.0,backtest,ENA,15m,False
2024-10-05 03:30:00+00:00,0.30015,2898.6488720976104,LONG,2024-10-05 14:00:00+00:00,0.29295345000000006,-23.01,-2.3977,1.7192,0.4348,10.5,backtest,ENA,15m,False
2024-10-07 05:45:00+00:00,0.29454719999999995,2946.1165611774104,LONG,2024-10-07 10:00:00+00:00,0.28495745000000006,-30.39,-3.2558,1.7073,0.4337,4.25,backtest,ENA,15m,False
2024-10-07 23:15:00+00:00,0.28784385,3004.3126034989723,LONG,2024-10-08 06:00:00+00:00,0.28075955,-23.42,-2.4612,1.7083,0.4322,6.75,backtest,ENA,15m,False
2024-10-09 13:00:00+00:00,0.27803894999999995,3101.9847629878473,LONG,2024-10-09 19:00:00+00:00,0.27216385,-20.36,-2.113,1.7067,0.431,6.0,backtest,ENA,15m,False
2024-10-10 16:45:00+00:00,0.26193089999999997,3285.135398642323,LONG,2024-10-10 21:15:00+00:00,0.26776605000000003,17.0,2.2277,1.7401,0.43,4.5,backtest,ENA,15m,True
2024-10-11 05:15:00+00:00,0.26923455,3202.4948328674573,LONG,2024-10-11 11:15:00+00:00,0.27576205,18.73,2.4245,1.7454,0.4309,6.0,backtest,ENA,15m,True
2024-10-11 16:30:00+00:00,0.34006994999999995,2541.062818647825,LONG,2024-10-11 17:00:00+00:00,0.33253365,-21.29,-2.2161,1.7091,0.4319,0.5,backtest,ENA,15m,False
2024-10-14 01:30:00+00:00,0.34947465,2466.708614375024,LONG,2024-10-14 03:30:00+00:00,0.3786106,69.64,8.3371,1.796,0.4308,2.0,backtest,ENA,15m,True
2024-10-14 18:00:00+00:00,0.4088043,2125.865657935103,LONG,2024-10-14 21:15:00+00:00,0.3996001,-21.72,-2.2515,1.7185,0.4343,3.25,backtest,ENA,15m,False
2024-10-15 11:30:00+00:00,0.42511245,2039.303750490984,LONG,2024-10-15 17:45:00+00:00,0.41439270000000006,-24.01,-2.5216,1.712,0.4333,6.25,backtest,ENA,15m,False
2024-10-16 08:00:00+00:00,0.42081029999999997,2054.5479823961787,LONG,2024-10-16 09:45:00+00:00,0.4115941,-21.08,-2.1901,1.7102,0.4321,1.75,backtest,ENA,15m,False
2024-10-17 05:15:00+00:00,0.38969475,2213.2948608735355,LONG,2024-10-17 17:45:00+00:00,0.38150915,-20.26,-2.1005,1.7069,0.431,12.5,backtest,ENA,15m,False
2024-10-18 10:00:00+00:00,0.38869424999999996,2213.889174695637,LONG,2024-10-18 13:15:00+00:00,0.4067965,37.89,4.6572,1.7611,0.43,3.25,backtest,ENA,15m,True
2024-10-18 22:00:00+00:00,0.4164081,2075.7507616931075,LONG,2024-10-19 10:45:00+00:00,0.4041978,-27.48,-2.9323,1.7034,0.432,12.75,backtest,ENA,15m,False
2024-10-20 17:45:00+00:00,0.40400189999999997,2132.7948909277284,LONG,2024-10-20 20:30:00+00:00,0.41149415000000006,13.81,1.8545,1.7393,0.4306,2.75,backtest,ENA,15m,True
2024-10-21 04:00:00+00:00,0.4012005,2151.2383810110146,LONG,2024-10-21 13:30:00+00:00,0.39090445,-24.28,-2.5663,1.704,0.4313,9.5,backtest,ENA,15m,False
2024-10-21 23:15:00+00:00,0.39489735,2179.5319619963925,LONG,2024-10-22 08:15:00+00:00,0.38550715,-22.6,-2.3779,1.7009,0.4301,9.0,backtest,ENA,15m,False
2024-10-23 02:15:00+00:00,0.3809904,2253.268252685683,LONG,2024-10-23 07:00:00+00:00,0.3728135,-20.55,-2.1462,1.6985,0.429,4.75,backtest,ENA,15m,False
2024-10-24 08:30:00+00:00,0.37408695,2289.4683721430383,LONG,2024-10-24 09:30:00+00:00,0.36631675,-19.91,-2.0771,1.6951,0.428,1.0,backtest,ENA,15m,False
2024-10-25 00:45:00+00:00,0.38569275,2215.522047708135,LONG,2024-10-25 02:15:00+00:00,0.37771105000000005,-19.8,-2.0694,1.6913,0.427,1.5,backtest,ENA,15m,False
2024-10-25 15:45:00+00:00,0.37568775,2269.3641896286144,LONG,2024-10-25 22:45:00+00:00,0.36571705000000004,-24.74,-2.654,1.6825,0.4261,7.0,backtest,ENA,15m,False
2024-10-26 13:45:00+00:00,0.35317649999999995,2407.1254606004895,LONG,2024-10-26 14:45:00+00:00,0.34382799999999997,-24.61,-2.647,1.6778,0.4249,1.0,backtest,ENA,15m,False
2024-10-27 01:00:00+00:00,0.35347665,2398.2372196731567,LONG,2024-10-27 09:30:00+00:00,0.34552715,-21.16,-2.2489,1.6764,0.4236,8.5,backtest,ENA,15m,False
2024-10-28 01:15:00+00:00,0.35227605,2400.520006393331,LONG,2024-10-28 03:30:00+00:00,0.34032975000000004,-30.76,-3.3912,1.6626,0.4226,2.25,backtest,ENA,15m,False
2024-10-29 10:00:00+00:00,0.38339159999999994,2197.779491180093,LONG,2024-10-29 13:00:00+00:00,0.37531225,-19.85,-2.1073,1.6675,0.4211,3.0,backtest,ENA,15m,False
2024-10-29 20:45:00+00:00,0.38169074999999997,2202.481500699893,LONG,2024-10-30 15:45:00+00:00,0.37291345000000004,-21.41,-2.2996,1.662,0.4201,19.0,backtest,ENA,15m,False
2024-10-31 14:15:00+00:00,0.3527763,2377.0485229023166,LONG,2024-10-31 19:15:00+00:00,0.37361310000000003,47.38,5.9065,1.7267,0.4191,5.0,backtest,ENA,15m,True
2024-11-01 07:45:00+00:00,0.3511755,2401.5032730394714,LONG,2024-11-01 10:15:00+00:00,0.37121430000000005,45.97,5.7062,1.7348,0.4215,2.5,backtest,ENA,15m,True
2024-11-01 17:15:00+00:00,0.3695847,2294.4409545727895,LONG,2024-11-02 00:15:00+00:00,0.3764117,13.53,1.8472,1.7117,0.4238,7.0,backtest,ENA,15m,True
2024-11-02 06:00:00+00:00,0.36568274999999995,2322.7407336899155,LONG,2024-11-02 12:15:00+00:00,0.35792095,-20.13,-2.1226,1.6807,0.4245,6.25,backtest,ENA,15m,False
2024-11-04 00:30:00+00:00,0.33226605,2550.4089121996353,LONG,2024-11-04 02:45:00+00:00,0.35042470000000003,44.15,5.4651,1.7412,0.4235,2.25,backtest,ENA,15m,True
2024-11-04 20:45:00+00:00,0.3351675,2541.6354674758636,LONG,2024-11-04 21:30:00+00:00,0.32693645000000005,-23.03,-2.4558,1.6828,0.4257,0.75,backtest,ENA,15m,False
2024-11-05 20:15:00+00:00,0.34587285,2456.429178648123,LONG,2024-11-06 00:00:00+00:00,0.35602190000000006,22.78,2.9343,1.7242,0.4246,3.75,backtest,ENA,15m,True
2024-11-07 04:15:00+00:00,0.4826412,1765.1496528817634,LONG,2024-11-07 07:00:00+00:00,0.5269364000000001,75.98,9.1777,1.7821,0.4258,2.75,backtest,ENA,15m,True
2024-11-07 11:00:00+00:00,0.51515745,1668.5739924871639,LONG,2024-11-07 13:45:00+00:00,0.50084945,-26.0,-2.7774,1.6953,0.4296,2.75,backtest,ENA,15m,False
2024-11-08 16:00:00+00:00,0.49514745,1730.838201546885,LONG,2024-11-08 17:15:00+00:00,0.48485745,-19.93,-2.0782,1.6962,0.4283,1.25,backtest,ENA,15m,False
2024-11-09 04:30:00+00:00,0.49394685,1731.0941286052462,LONG,2024-11-09 06:15:00+00:00,0.5103447000000001,26.22,3.3198,1.7385,0.4273,1.75,backtest,ENA,15m,True
2024-11-10 01:00:00+00:00,0.538269,1593.5054641166341,LONG,2024-11-10 02:30:00+00:00,0.5711143000000001,50.14,6.102,1.7678,0.4287,1.5,backtest,ENA,15m,True
2024-11-10 07:00:00+00:00,0.5558778,1552.1293605122664,LONG,2024-11-10 10:00:00+00:00,0.58000985,35.26,4.3413,1.7631,0.4312,3.0,backtest,ENA,15m,True
2024-11-10 13:30:00+00:00,0.5536767,1564.749498843494,LONG,2024-11-10 18:00:00+00:00,0.5671163,18.84,2.4273,1.7538,0.433,4.5,backtest,ENA,15m,True
2024-11-10 21:00:00+00:00,0.53336655,1627.9496459812885,LONG,2024-11-11 00:30:00+00:00,0.56221875,44.75,5.4095,1.7836,0.4339,3.5,backtest,ENA,15m,True
2024-11-11 20:45:00+00:00,0.6369183,1370.3716477960875,LONG,2024-11-11 22:00:00+00:00,0.6234881000000001,-20.57,-2.1086,1.7272,0.4362,1.25,backtest,ENA,15m,False
2024-11-13 18:15:00+00:00,0.6001999499999999,1450.8508631673244,LONG,2024-11-13 19:30:00+00:00,0.5830083500000001,-27.09,-2.8643,1.7166,0.4352,1.25,backtest,ENA,15m,False
2024-11-15 01:15:00+00:00,0.5280639,1643.9930340470353,LONG,2024-11-15 08:00:00+00:00,0.5461268,27.5,3.4206,1.766,0.4338,6.75,backtest,ENA,15m,True
2024-11-15 15:00:00+00:00,0.54217095,1606.3710164528081,LONG,2024-11-16 03:00:00+00:00,0.55362305,16.2,2.1123,1.7603,0.4352,12.0,backtest,ENA,15m,True
2024-11-16 07:30:00+00:00,0.5526762,1578.8487687030158,LONG,2024-11-16 09:45:00+00:00,0.5401298,-21.97,-2.2701,1.7254,0.4361,2.25,backtest,ENA,15m,False
2024-11-17 11:00:00+00:00,0.5703850500000001,1526.0526862286201,LONG,2024-11-17 18:15:00+00:00,0.5575211,-21.79,-2.2553,1.7212,0.435,7.25,backtest,ENA,15m,False
2024-11-18 19:15:00+00:00,0.5529763499999999,1570.2323256579623,LONG,2024-11-18 22:30:00+00:00,0.5845076,47.29,5.7021,1.7861,0.4339,3.25,backtest,ENA,15m,True
2024-11-19 01:45:00+00:00,0.5594796,1560.5148985442638,LONG,2024-11-19 13:45:00+00:00,0.54722625,-21.28,-2.1901,1.727,0.4363,12.0,backtest,ENA,15m,False
2024-11-20 17:30:00+00:00,0.51895935,1678.340226641455,LONG,2024-11-20 19:15:00+00:00,0.5053472000000001,-25.0,-2.623,1.7191,0.4353,1.75,backtest,ENA,15m,False
2024-11-21 19:45:00+00:00,0.5689843499999999,1526.4613702794095,LONG,2024-11-21 23:30:00+00:00,0.58960505,29.27,3.6241,1.7686,0.434,3.75,backtest,ENA,15m,True
2024-11-22 14:45:00+00:00,0.58819395,1481.6625202608463,LONG,2024-11-23 06:45:00+00:00,0.6528734,93.56,10.9963,1.8389,0.4355,16.0,backtest,ENA,15m,True
2024-11-23 11:45:00+00:00,0.63841905,1379.8288954953305,LONG,2024-11-23 14:15:00+00:00,0.66936515,40.46,4.8473,1.8045,0.4402,2.5,backtest,ENA,15m,True
2024-11-24 04:30:00+00:00,0.6459227999999999,1370.1338235608837,LONG,2024-11-24 08:45:00+00:00,0.6270863,-27.99,-2.9162,1.7442,0.4423,4.25,backtest,ENA,15m,False
2024-11-25 03:30:00+00:00,0.66043005,1335.8629387644548,LONG,2024-11-25 07:15:00+00:00,0.64597685,-21.49,-2.1885,1.7452,0.4409,3.75,backtest,ENA,15m,False
2024-11-25 14:45:00+00:00,0.6398197499999999,1375.6025947168748,LONG,2024-11-25 17:00:00+00:00,0.62558705,-21.76,-2.2245,1.7407,0.4398,2.25,backtest,ENA,15m,False
2024-11-26 20:00:00+00:00,0.5926962,1481.373964659222,LONG,2024-11-27 08:30:00+00:00,0.64877545,80.8,9.4617,1.8391,0.4388,12.5,backtest,ENA,15m,True
2024-11-27 23:45:00+00:00,0.70865415,1250.4439618483302,LONG,2024-11-28 02:15:00+00:00,0.7485255500000001,47.59,5.6264,1.8221,0.4428,2.5,backtest,ENA,15m,True
2024-11-28 07:00:00+00:00,0.7222609499999999,1233.5405715765282,LONG,2024-11-28 11:00:00+00:00,0.7055470500000001,-22.82,-2.3141,1.7612,0.4452,4.0,backtest,ENA,15m,False
2024-11-29 07:45:00+00:00,0.69504735,1278.6167933242532,LONG,2024-11-29 10:15:00+00:00,0.7231382500000001,33.66,4.0416,1.8133,0.4441,2.5,backtest,ENA,15m,True
2024-11-30 11:00:00+00:00,0.7827911999999999,1139.6542721583444,LONG,2024-11-30 18:00:00+00:00,0.7980008000000001,15.09,1.943,1.8016,0.4458,7.0,backtest,ENA,15m,True
2024-12-01 10:45:00+00:00,0.8123059499999999,1100.1585349810664,LONG,2024-12-01 23:45:00+00:00,0.823588,10.17,1.3889,1.7997,0.4466,13.0,backtest,ENA,15m,True
2024-12-02 17:00:00+00:00,0.8274134999999999,1081.3542248807116,LONG,2024-12-02 18:45:00+00:00,0.8093951,-21.7,-2.1777,1.77,0.4471,1.75,backtest,ENA,15m,False
2024-12-03 06:15:00+00:00,0.842421,1059.5659389789325,LONG,2024-12-03 06:45:00+00:00,0.8238878500000001,-21.85,-2.2,1.7656,0.4461,0.5,backtest,ENA,15m,False
2024-12-04 17:45:00+00:00,0.91995975,967.9328501355632,LONG,2024-12-04 20:00:00+00:00,0.9409293000000001,18.05,2.2794,1.8012,0.445,2.25,backtest,ENA,15m,True
2024-12-04 23:00:00+00:00,0.9072534,983.5287215541737,LONG,2024-12-05 00:15:00+00:00,0.88525715,-23.84,-2.4245,1.763,0.4459,1.25,backtest,ENA,15m,False
2024-12-05 13:45:00+00:00,0.9311653499999999,955.758195785793,LONG,2024-12-05 22:15:00+00:00,0.9036479500000001,-28.5,-2.9552,1.7536,0.4448,8.5,backtest,ENA,15m,False
2024-12-06 10:00:00+00:00,1.00260105,884.8605850178657,LONG,2024-12-07 04:15:00+00:00,1.1120437,94.53,10.9159,1.8712,0.4434,18.25,backtest,ENA,15m,True
2024-12-07 09:30:00+00:00,1.0777385999999998,831.9864644531935,LONG,2024-12-07 15:00:00+00:00,1.0519737500000002,-23.66,-2.3906,1.7719,0.4481,5.5,backtest,ENA,15m,False
2024-12-08 03:30:00+00:00,1.030515,867.8592531124065,LONG,2024-12-08 04:30:00+00:00,1.0024985,-26.53,-2.7187,1.7644,0.4469,1.0,backtest,ENA,15m,False
2024-12-09 04:30:00+00:00,0.97518735,914.4220345164035,LONG,2024-12-09 07:00:00+00:00,0.9485255,-26.58,-2.734,1.7591,0.4456,2.5,backtest,ENA,15m,False
2024-12-10 03:45:00+00:00,0.95977965,926.3767657294501,LONG,2024-12-10 04:00:00+00:00,0.9259368,-33.54,-3.5261,1.7469,0.4443,0.25,backtest,ENA,15m,False
2024-12-11 21:30:00+00:00,0.9916955999999999,893.2237908645494,LONG,2024-12-11 23:00:00+00:00,1.0406794,41.5,4.9394,1.8154,0.4427,1.5,backtest,ENA,15m,True
2024-12-12 13:00:00+00:00,1.08864405,817.5326093689744,LONG,2024-12-12 19:30:00+00:00,1.0490752,-34.54,-3.6347,1.7476,0.4448,6.5,backtest,ENA,15m,False
2024-12-14 06:00:00+00:00,1.0053024,881.9143966853637,LONG,2024-12-14 08:45:00+00:00,1.0116939,3.41,0.6358,1.7788,0.4431,2.75,backtest,ENA,15m,True
2024-12-14 17:30:00+00:00,0.97518735,909.5448643093089,LONG,2024-12-14 18:45:00+00:00,0.95022465,-24.9,-2.5598,1.7512,0.4433,1.25,backtest,ENA,15m,False
2024-12-15 03:45:00+00:00,1.1325659999999997,780.9962773106713,LONG,2024-12-15 10:45:00+00:00,1.161419,20.3,2.5476,1.7916,0.442,7.0,backtest,ENA,15m,True
2024-12-15 19:30:00+00:00,1.16508225,760.980707538505,LONG,2024-12-15 22:30:00+00:00,1.2572710500000002,67.87,7.9126,1.8434,0.4431,3.0,backtest,ENA,15m,True
2024-12-16 03:45:00+00:00,1.2698346,703.5873651017235,LONG,2024-12-16 05:15:00+00:00,1.23808065,-24.55,-2.5006,1.7645,0.4465,1.5,backtest,ENA,15m,False
2024-12-18 14:30:00+00:00,1.0741368,829.5291200732177,LONG,2024-12-18 15:00:00+00:00,1.0475759500000001,-24.24,-2.4728,1.76,0.4453,0.5,backtest,ENA,15m,False
2024-12-19 15:00:00+00:00,1.0663329,833.3675757781112,LONG,2024-12-19 15:45:00+00:00,1.0400797,-24.08,-2.462,1.7554,0.4441,0.75,backtest,ENA,15m,False
2024-12-20 06:00:00+00:00,0.9426711,940.1823022225718,LONG,2024-12-20 06:15:00+00:00,0.9221387,-21.5,-2.1781,1.7533,0.4429,0.25,backtest,ENA,15m,False
2024-12-21 03:45:00+00:00,1.1491743,769.4010273795693,LONG,2024-12-21 06:30:00+00:00,1.1988003,35.93,4.3184,1.8066,0.4419,2.75,backtest,ENA,15m,True
2024-12-21 13:15:00+00:00,1.09704825,809.2764197222237,LONG,2024-12-21 14:30:00+00:00,1.0722636,-22.26,-2.2592,1.7556,0.4437,1.25,backtest,ENA,15m,False
2024-12-22 13:45:00+00:00,1.0415204999999998,850.3268728242856,LONG,2024-12-22 14:30:00+00:00,1.00399775,-34.09,-3.6027,1.7393,0.4426,0.75,backtest,ENA,15m,False
2024-12-23 00:15:00+00:00,1.0181088,866.5739779692593,LONG,2024-12-23 03:30:00+00:00,1.0763615500000001,48.22,5.7217,1.815,0.4409,3.25,backtest,ENA,15m,True
2024-12-23 07:30:00+00:00,1.03221585,859.447715218908,LONG,2024-12-23 14:30:00+00:00,1.0084955,-22.58,-2.298,1.7539,0.4433,7.0,backtest,ENA,15m,False
2024-12-24 01:45:00+00:00,1.0538266499999998,839.7210483574798,LONG,2024-12-24 08:15:00+00:00,1.0315839500000001,-20.87,-2.1107,1.7512,0.4422,6.5,backtest,ENA,15m,False
2024-12-24 17:30:00+00:00,1.0437215999999998,845.8927324302904,LONG,2024-12-24 23:30:00+00:00,1.0596699,11.27,1.528,1.7793,0.4412,6.0,backtest,ENA,15m,True
2024-12-25 06:30:00+00:00,1.03081515,857.6205265460558,LONG,2024-12-25 20:15:00+00:00,1.0076959,-22.02,-2.2428,1.7483,0.4418,13.75,backtest,ENA,15m,False
2024-12-26 03:15:00+00:00,0.9976985999999999,883.9238349581128,LONG,2024-12-26 08:00:00+00:00,0.96121915,-34.42,-3.6564,1.7315,0.4407,4.75,backtest,ENA,15m,False
2024-12-27 12:30:00+00:00,0.9625810499999999,912.6402565700903,LONG,2024-12-27 14:30:00+00:00,0.9357319000000001,-26.68,-2.7893,1.7325,0.439,2.0,backtest,ENA,15m,False
2024-12-29 11:00:00+00:00,0.9423709499999999,929.427309514503,LONG,2024-12-29 22:00:00+00:00,0.91784085,-24.97,-2.603,1.7289,0.4377,11.0,backtest,ENA,15m,False
2024-12-30 13:45:00+00:00,0.9533764499999999,916.1242483776705,LONG,2024-12-30 19:00:00+00:00,0.9867064,28.32,3.496,1.7774,0.4365,5.25,backtest,ENA,15m,True
2024-12-30 21:45:00+00:00,0.9586791,914.058126229259,LONG,2024-12-31 00:45:00+00:00,0.9389303000000001,-20.22,-2.06,1.7345,0.4379,3.0,backtest,ENA,15m,False
2025-01-02 22:00:00+00:00,1.02681315,851.4780178997516,LONG,2025-01-03 03:00:00+00:00,1.05637155,22.96,2.8787,1.7738,0.4369,5.0,backtest,ENA,15m,True
2025-01-03 06:45:00+00:00,1.0296145499999998,851.4345959131816,LONG,2025-01-03 10:30:00+00:00,1.0446773999999999,10.62,1.463,1.7661,0.4381,3.75,backtest,ENA,15m,True
2025-01-03 15:00:00+00:00,1.20210075,730.1849627435122,LONG,2025-01-03 15:30:00+00:00,1.1860067,-13.93,-1.3388,1.7438,0.4387,0.5,backtest,ENA,15m,False
2025-01-04 00:15:00+00:00,1.19669805,732.3532262648715,LONG,2025-01-04 12:15:00+00:00,1.2097948,7.39,1.0944,1.7624,0.438,12.0,backtest,ENA,15m,True
2025-01-04 17:15:00+00:00,1.2382188,708.428084876471,LONG,2025-01-05 03:00:00+00:00,1.21149395,-21.11,-2.1583,1.7354,0.4384,9.75,backtest,ENA,15m,False
2025-01-05 18:45:00+00:00,1.22851395,712.3412254945493,LONG,2025-01-05 22:15:00+00:00,1.2723635,29.02,3.5693,1.7815,0.4373,3.5,backtest,ENA,15m,True
2025-01-06 05:45:00+00:00,1.2353173499999999,710.8036167377596,LONG,2025-01-06 08:15:00+00:00,1.2071961,-22.16,-2.2764,1.7361,0.4388,2.5,backtest,ENA,15m,False
2025-01-06 19:30:00+00:00,1.2016005,728.9398361215694,LONG,2025-01-06 21:00:00+00:00,1.173413,-22.72,-2.3458,1.7312,0.4377,1.5,backtest,ENA,15m,False
2025-01-07 12:00:00+00:00,1.1511753,758.9335310341199,LONG,2025-01-07 15:45:00+00:00,1.10794575,-34.96,-3.7553,1.7145,0.4366,3.75,backtest,ENA,15m,False
2025-01-09 03:30:00+00:00,0.9394694999999998,926.2796960928765,LONG,2025-01-09 07:15:00+00:00,0.9121437,-27.46,-2.9086,1.7151,0.4349,3.75,backtest,ENA,15m,False
2025-01-09 19:15:00+00:00,0.9070533,956.4019317347597,LONG,2025-01-09 20:15:00+00:00,0.8872561500000001,-21.08,-2.1826,1.7161,0.4335,1.0,backtest,ENA,15m,False
2025-01-10 13:30:00+00:00,0.8959477499999999,965.9508440668204,LONG,2025-01-10 15:00:00+00:00,0.8755620000000001,-21.84,-2.2753,1.7112,0.4325,1.5,backtest,ENA,15m,False
2025-01-11 02:00:00+00:00,0.89614785,963.3456508070423,LONG,2025-01-11 06:15:00+00:00,0.9057469,7.08,1.0711,1.7359,0.4314,4.25,backtest,ENA,15m,True
2025-01-11 15:00:00+00:00,0.89514735,965.2619140292687,LONG,2025-01-11 20:30:00+00:00,0.9101447,12.3,1.6754,1.7426,0.4318,5.5,backtest,ENA,15m,True
2025-01-12 00:30:00+00:00,0.9063529499999999,954.7336492165623,LONG,2025-01-12 08:45:00+00:00,0.8868563500000001,-20.76,-2.1511,1.712,0.4324,8.25,backtest,ENA,15m,False
2025-01-13 18:00:00+00:00,0.7687841999999999,1122.9315512503576,LONG,2025-01-13 18:15:00+00:00,0.7265365500000001,-49.55,-5.4954,1.6791,0.4314,0.25,backtest,ENA,15m,False
2025-01-14 13:00:00+00:00,0.8147071499999999,1053.602566757704,LONG,2025-01-15 09:00:00+00:00,0.7964016,-21.41,-2.2469,1.6975,0.429,20.0,backtest,ENA,15m,False
2025-01-16 02:15:00+00:00,0.9118556999999999,939.0499744949275,LONG,2025-01-16 08:30:00+00:00,0.8854570500000001,-26.91,-2.895,1.6878,0.4279,6.25,backtest,ENA,15m,False
2025-01-16 23:15:00+00:00,0.8974485,951.1732509942484,LONG,2025-01-17 01:00:00+00:00,0.9485255,46.4,5.6914,1.7559,0.4266,1.75,backtest,ENA,15m,True
2025-01-17 05:15:00+00:00,0.9376686,915.370387509401,LONG,2025-01-17 09:00:00+00:00,0.9528233500000001,11.71,1.6162,1.7305,0.4289,3.75,backtest,ENA,15m,True
2025-01-17 18:30:00+00:00,0.9374685,916.861576670291,LONG,2025-01-17 21:00:00+00:00,0.97951,36.36,4.4846,1.7576,0.4295,2.5,backtest,ENA,15m,True
2025-01-18 03:45:00+00:00,0.9190592999999999,939.23161177158,LONG,2025-01-18 05:00:00+00:00,0.8943526,-25.34,-2.6883,1.7032,0.4314,1.25,backtest,ENA,15m,False
2025-01-18 15:15:00+00:00,0.8978486999999999,958.6442020800525,LONG,2025-01-18 16:45:00+00:00,0.87006475,-28.76,-3.0945,1.6948,0.4301,1.5,backtest,ENA,15m,False
2025-01-19 04:30:00+00:00,0.90055005,952.6211931788858,LONG,2025-01-19 06:45:00+00:00,0.8787604,-22.88,-2.4196,1.695,0.4287,2.25,backtest,ENA,15m,False
2025-01-19 23:00:00+00:00,0.8485240499999999,1008.3823934125901,LONG,2025-01-19 23:15:00+00:00,0.8210892500000001,-29.78,-3.2332,1.6836,0.4276,0.25,backtest,ENA,15m,False
2025-01-20 11:30:00+00:00,0.90355155,943.720818735615,LONG,2025-01-20 12:00:00+00:00,0.88185885,-22.58,-2.4008,1.6849,0.4261,0.5,backtest,ENA,15m,False
2025-01-20 21:30:00+00:00,0.8928461999999999,952.5533328380752,LONG,2025-01-21 00:00:00+00:00,0.8651672000000001,-28.47,-3.1001,1.6746,0.425,2.5,backtest,ENA,15m,False
2025-01-22 08:30:00+00:00,0.9146571,926.7715630921274,LONG,2025-01-22 12:15:00+00:00,0.89545205,-19.9,-2.0997,1.6775,0.4236,3.75,backtest,ENA,15m,False
2025-01-23 19:30:00+00:00,0.8244119999999999,1025.857935239577,LONG,2025-01-23 21:15:00+00:00,0.80689635,-20.06,-2.1246,1.6735,0.4227,1.75,backtest,ENA,15m,False
2025-01-24 20:45:00+00:00,0.8668331999999999,973.3872732895867,LONG,2025-01-24 23:00:00+00:00,0.8478758500000001,-20.54,-2.187,1.6691,0.4217,2.25,backtest,ENA,15m,False
2025-01-25 07:00:00+00:00,0.83891925,1003.3757215740217,LONG,2025-01-25 13:15:00+00:00,0.8632681500000001,22.3,2.9024,1.7079,0.4207,6.25,backtest,ENA,15m,True
2025-01-26 01:15:00+00:00,0.8560278,985.9780942440325,LONG,2025-01-26 09:30:00+00:00,0.83208375,-25.69,-2.7971,1.6644,0.4218,8.25,backtest,ENA,15m,False
2025-01-28 00:30:00+00:00,0.7439718,1131.0860457159176,LONG,2025-01-28 04:30:00+00:00,0.7632182,19.64,2.587,1.7048,0.4205,4.0,backtest,ENA,15m,True
2025-01-28 07:45:00+00:00,0.73506735,1147.518769229036,LONG,2025-01-28 11:30:00+00:00,0.71954005,-19.91,-2.1124,1.6692,0.4215,3.75,backtest,ENA,15m,False
2025-01-29 13:15:00+00:00,0.6715356,1253.1783892339924,LONG,2025-01-29 18:45:00+00:00,0.70234865,36.47,4.5884,1.7217,0.4206,5.5,backtest,ENA,15m,True
2025-01-29 23:45:00+00:00,0.6825411,1238.379632822629,LONG,2025-01-30 03:00:00+00:00,0.713643,36.36,4.5568,1.729,0.4224,3.25,backtest,ENA,15m,True
2025-01-30 18:15:00+00:00,0.7585791,1119.0995501153673,LONG,2025-01-31 03:15:00+00:00,0.74092935,-21.85,-2.3267,1.6781,0.4243,9.0,backtest,ENA,15m,False
2025-01-31 18:45:00+00:00,0.7682839499999999,1102.172531828971,LONG,2025-02-01 06:30:00+00:00,0.7518239,-20.24,-2.1424,1.6754,0.4232,11.75,backtest,ENA,15m,False
2025-02-02 12:45:00+00:00,0.6393194999999999,1321.4030742514092,LONG,2025-02-02 16:30:00+00:00,0.61899035,-28.95,-3.1798,1.6627,0.4222,3.75,backtest,ENA,15m,False
2025-02-04 05:15:00+00:00,0.6258127499999999,1345.3620977891699,LONG,2025-02-04 07:30:00+00:00,0.6064966,-28.07,-3.0866,1.6579,0.4208,2.25,backtest,ENA,15m,False
2025-02-04 18:00:00+00:00,0.6361179,1319.2190650948319,LONG,2025-02-04 19:45:00+00:00,0.6226885,-19.8,-2.1111,1.6606,0.4194,1.75,backtest,ENA,15m,False
2025-02-06 12:30:00+00:00,0.5284641,1584.2896369558907,LONG,2025-02-06 14:30:00+00:00,0.5135431,-25.71,-2.8235,1.6508,0.4184,2.0,backtest,ENA,15m,False
2025-02-07 17:00:00+00:00,0.5108553,1633.9459159667617,LONG,2025-02-07 20:15:00+00:00,0.49665155000000005,-25.27,-2.7804,1.6462,0.4171,3.25,backtest,ENA,15m,False
2025-02-09 07:00:00+00:00,0.5078538,1638.706360739172,LONG,2025-02-09 12:15:00+00:00,0.49555210000000005,-22.22,-2.4223,1.6443,0.4159,5.25,backtest,ENA,15m,False
2025-02-10 07:45:00+00:00,0.48334154999999995,1717.2987652891256,LONG,2025-02-10 21:45:00+00:00,0.46746615,-29.31,-3.2845,1.6328,0.4148,14.0,backtest,ENA,15m,False
2025-02-11 04:00:00+00:00,0.47573774999999996,1738.6697629079406,LONG,2025-02-11 05:45:00+00:00,0.49945015,39.12,4.9843,1.6956,0.4134,1.75,backtest,ENA,15m,True
2025-02-11 10:00:00+00:00,0.48484229999999995,1714.1781272720696,LONG,2025-02-11 12:15:00+00:00,0.4735631,-21.39,-2.3264,1.6429,0.4153,2.25,backtest,ENA,15m,False
2025-02-13 07:15:00+00:00,0.4506252,1839.6824552642413,LONG,2025-02-13 16:45:00+00:00,0.4391803,-23.11,-2.5398,1.6369,0.4143,9.5,backtest,ENA,15m,False
2025-02-15 01:15:00+00:00,0.47753864999999995,1731.246144422626,LONG,2025-02-15 05:45:00+00:00,0.49505235000000003,28.22,3.6675,1.6838,0.4132,4.5,backtest,ENA,15m,True
2025-02-15 08:45:00+00:00,0.47653815,1740.8932527668912,LONG,2025-02-15 10:00:00+00:00,0.46406785,-23.76,-2.6169,1.6375,0.4146,1.25,backtest,ENA,15m,False
2025-02-16 20:30:00+00:00,0.4472235,1849.7824647886287,LONG,2025-02-17 01:45:00+00:00,0.46146915000000005,24.26,3.1854,1.6809,0.4134,5.25,backtest,ENA,15m,True
2025-02-17 05:15:00+00:00,0.44672324999999996,1857.3791878721015,LONG,2025-02-17 10:45:00+00:00,0.4685656,38.45,4.8895,1.7001,0.4147,5.5,backtest,ENA,15m,True
2025-02-17 16:00:00+00:00,0.45492734999999995,1832.4318321932024,LONG,2025-02-17 18:15:00+00:00,0.44387795,-22.31,-2.4288,1.647,0.4166,2.25,backtest,ENA,15m,False
2025-02-18 05:15:00+00:00,0.44572275,1865.3587607104557,LONG,2025-02-18 06:30:00+00:00,0.43658160000000007,-19.11,-2.0509,1.6458,0.4155,1.25,backtest,ENA,15m,False
2025-02-19 05:30:00+00:00,0.4126062,2010.5421796059743,LONG,2025-02-19 08:15:00+00:00,0.4243877,21.59,2.8554,1.6828,0.4146,2.75,backtest,ENA,15m,True
2025-02-19 14:30:00+00:00,0.41350665,2011.4881024872334,LONG,2025-02-19 15:00:00+00:00,0.39850065,-32.23,-3.629,1.6333,0.4157,0.5,backtest,ENA,15m,False
2025-02-20 07:45:00+00:00,0.40190085,2061.6536242904135,LONG,2025-02-20 10:30:00+00:00,0.40699640000000004,8.42,1.2679,1.6677,0.4141,2.75,backtest,ENA,15m,True
2025-02-21 02:45:00+00:00,0.40270125,2059.751601561032,LONG,2025-02-21 04:30:00+00:00,0.41829075,30.0,3.8712,1.6911,0.4145,1.75,backtest,ENA,15m,True
2025-02-22 08:00:00+00:00,0.44432204999999997,1873.6590042357152,LONG,2025-02-22 16:45:00+00:00,0.4695651,45.17,5.6813,1.7123,0.416,8.75,backtest,ENA,15m,True
2025-02-22 20:15:00+00:00,0.4496247,1861.7054225130646,LONG,2025-02-23 01:45:00+00:00,0.43968005000000004,-20.59,-2.2118,1.6556,0.4183,5.5,backtest,ENA,15m,False
2025-02-23 11:30:00+00:00,0.45222599999999996,1846.5341914405922,LONG,2025-02-23 19:00:00+00:00,0.44267855000000006,-19.7,-2.1112,1.6525,0.4173,7.5,backtest,ENA,15m,False
2025-02-24 19:30:00+00:00,0.39009495,2135.6892508329024,LONG,2025-02-24 22:00:00+00:00,0.37671155,-30.64,-3.4308,1.6376,0.4164,2.5,backtest,ENA,15m,False
2025-02-26 01:15:00+00:00,0.4078038,2035.5328652993992,LONG,2025-02-26 02:45:00+00:00,0.4173912000000001,17.42,2.351,1.6797,0.4148,1.5,backtest,ENA,15m,True
2025-02-26 07:45:00+00:00,0.4096047,2030.939840017752,LONG,2025-02-26 12:30:00+00:00,0.39900040000000003,-23.59,-2.5889,1.6422,0.4157,4.75,backtest,ENA,15m,False
2025-02-26 19:00:00+00:00,0.41010494999999997,2022.8077071804191,LONG,2025-02-26 22:45:00+00:00,0.42908535000000003,36.28,4.6282,1.6975,0.4146,3.75,backtest,ENA,15m,True
2025-02-27 21:15:00+00:00,0.4164081,2001.0055143945315,LONG,2025-02-28 01:15:00+00:00,0.40689645,-21.1,-2.2842,1.6474,0.4164,4.0,backtest,ENA,15m,False
2025-02-28 22:15:00+00:00,0.41500739999999997,2002.7735436280248,LONG,2025-03-01 00:30:00+00:00,0.40629675,-19.51,-2.0989,1.6449,0.4154,2.25,backtest,ENA,15m,False
2025-03-01 11:00:00+00:00,0.39999989999999996,2073.1401504977143,LONG,2025-03-01 21:45:00+00:00,0.40129925000000005,0.62,0.3248,1.6612,0.4144,10.75,backtest,ENA,15m,True
2025-03-02 08:00:00+00:00,0.39239609999999997,2113.57645312132,LONG,2025-03-02 11:00:00+00:00,0.40289845,20.1,2.6765,1.6809,0.4145,3.0,backtest,ENA,15m,True
2025-03-02 14:00:00+00:00,0.39489735,2105.3872413101312,LONG,2025-03-02 16:30:00+00:00,0.4379809,88.54,10.9101,1.7536,0.4155,2.5,backtest,ENA,15m,True
2025-03-03 02:15:00+00:00,0.44552264999999996,1886.1256278684366,LONG,2025-03-03 03:15:00+00:00,0.43628175,-19.51,-2.0742,1.6632,0.4199,1.0,backtest,ENA,15m,False
2025-03-05 02:00:00+00:00,0.37158569999999996,2256.2802199797857,LONG,2025-03-05 03:45:00+00:00,0.3604197,-27.26,-3.005,1.6516,0.419,1.75,backtest,ENA,15m,False
2025-03-05 14:00:00+00:00,0.37428704999999995,2232.8199719186323,LONG,2025-03-05 15:45:00+00:00,0.36651665000000005,-19.42,-2.0761,1.6541,0.4176,1.75,backtest,ENA,15m,False
2025-03-06 17:30:00+00:00,0.38309145,2176.5410126932907,LONG,2025-03-06 18:15:00+00:00,0.37371305000000005,-22.48,-2.4481,1.6472,0.4167,0.75,backtest,ENA,15m,False
2025-03-07 22:15:00+00:00,0.4294146,1936.606677337083,LONG,2025-03-08 02:30:00+00:00,0.43818080000000004,14.88,2.0414,1.6802,0.4156,4.25,backtest,ENA,15m,True
2025-03-09 10:45:00+00:00,0.42511245,1959.8052107866265,LONG,2025-03-09 15:30:00+00:00,0.41609185000000004,-19.74,-2.1219,1.6486,0.4164,4.75,backtest,ENA,15m,False
2025-03-10 14:45:00+00:00,0.42261119999999996,1966.828866857159,LONG,2025-03-10 16:00:00+00:00,0.4115941,-23.72,-2.6069,1.6407,0.4154,1.25,backtest,ENA,15m,False
2025-03-11 00:15:00+00:00,0.40150064999999996,2064.434501533729,LONG,2025-03-11 14:00:00+00:00,0.38920530000000003,-27.43,-3.0623,1.6323,0.4142,13.75,backtest,ENA,15m,False
2025-03-11 23:00:00+00:00,0.3935967,2099.0239861581244,LONG,2025-03-12 02:15:00+00:00,0.38380800000000004,-22.59,-2.487,1.6318,0.4129,3.25,backtest,ENA,15m,False
2025-03-12 14:45:00+00:00,0.3593796,2292.7009644225823,LONG,2025-03-12 18:15:00+00:00,0.36951515,21.15,2.8203,1.6711,0.4118,3.5,backtest,ENA,15m,True
2025-03-13 00:45:00+00:00,0.36588285,2257.8475525657377,LONG,2025-03-13 05:45:00+00:00,0.3582208,-19.35,-2.0941,1.6349,0.4128,5.0,backtest,ENA,15m,False
2025-03-13 15:00:00+00:00,0.35217599999999993,2340.3448441704413,LONG,2025-03-13 16:00:00+00:00,0.34472755,-19.47,-2.115,1.631,0.4119,1.0,backtest,ENA,15m,False
2025-03-14 04:00:00+00:00,0.33546764999999995,2451.223061021023,LONG,2025-03-14 08:00:00+00:00,0.34592695,23.56,3.1178,1.6703,0.4109,4.0,backtest,ENA,15m,True
2025-03-14 20:15:00+00:00,0.3507753,2351.0892006765107,LONG,2025-03-15 03:00:00+00:00,0.3586206,16.36,2.2366,1.6679,0.4121,6.75,backtest,ENA,15m,True
2025-03-16 09:15:00+00:00,0.3615807,2285.4720185387255,LONG,2025-03-16 11:45:00+00:00,0.35372305000000004,-20.01,-2.1731,1.6348,0.413,2.5,backtest,ENA,15m,False
2025-03-16 20:30:00+00:00,0.3609804,2283.8421944727334,LONG,2025-03-17 01:30:00+00:00,0.369815,18.1,2.4474,1.669,0.412,5.0,backtest,ENA,15m,True
2025-03-17 14:45:00+00:00,0.36528255,2262.013267059214,LONG,2025-03-17 17:15:00+00:00,0.37811085000000005,26.92,3.5119,1.6816,0.4129,2.5,backtest,ENA,15m,True
2025-03-17 22:45:00+00:00,0.37938959999999994,2185.112511119271,LONG,2025-03-18 03:15:00+00:00,0.37011485000000005,-22.32,-2.4447,1.6377,0.4143,4.5,backtest,ENA,15m,False
2025-03-19 07:00:00+00:00,0.3669834,2253.0105038371553,LONG,2025-03-19 11:00:00+00:00,0.3786106,24.1,3.1683,1.6798,0.4132,4.0,backtest,ENA,15m,True
2025-03-19 17:30:00+00:00,0.3809904,2176.6173548249053,LONG,2025-03-19 22:45:00+00:00,0.39310335,24.27,3.1793,1.6849,0.4144,5.25,backtest,ENA,15m,True
2025-03-20 02:00:00+00:00,0.38599289999999997,2154.805397840072,LONG,2025-03-20 14:00:00+00:00,0.39670155,20.97,2.7743,1.6866,0.4157,12.0,backtest,ENA,15m,True
2025-03-20 17:00:00+00:00,0.37948965,2197.3708714752665,LONG,2025-03-21 07:00:00+00:00,0.3714142,-19.81,-2.128,1.65,0.4167,14.0,backtest,ENA,15m,False
2025-03-22 14:45:00+00:00,0.35307645,2356.257566198425,LONG,2025-03-23 03:45:00+00:00,0.36231875,19.68,2.6176,1.6857,0.4158,13.0,backtest,ENA,15m,True
2025-03-23 17:15:00+00:00,0.3653826,2282.3999243580115,LONG,2025-03-24 00:15:00+00:00,0.3768115,23.97,3.1279,1.694,0.4168,7.0,backtest,ENA,15m,True
2025-03-25 01:15:00+00:00,0.39839909999999995,2099.376154451807,LONG,2025-03-25 07:00:00+00:00,0.40429775000000007,10.28,1.4806,1.6852,0.418,5.75,backtest,ENA,15m,True
2025-03-25 18:30:00+00:00,0.42081029999999997,1990.1127348885818,LONG,2025-03-26 07:00:00+00:00,0.4241878,4.62,0.8026,1.6816,0.4185,12.5,backtest,ENA,15m,True
2025-03-26 18:15:00+00:00,0.41120549999999995,2037.8233876988998,LONG,2025-03-26 19:00:00+00:00,0.40259860000000003,-19.62,-2.0931,1.6584,0.4188,0.75,backtest,ENA,15m,False
2025-03-28 00:15:00+00:00,0.4250124,1967.103672470335,LONG,2025-03-28 03:15:00+00:00,0.41589195000000007,-20.01,-2.1459,1.6541,0.4178,3.0,backtest,ENA,15m,False
2025-03-31 03:30:00+00:00,0.3551775,2348.3553218271045,LONG,2025-03-31 09:00:00+00:00,0.3472263,-20.74,-2.2387,1.6495,0.4168,5.5,backtest,ENA,15m,False
2025-04-02 01:30:00+00:00,0.3633816,2289.7410971567338,LONG,2025-04-02 05:15:00+00:00,0.3528235,-26.23,-2.9055,1.6399,0.4158,3.75,backtest,ENA,15m,False
2025-04-02 19:00:00+00:00,0.3625812,2287.672305966221,LONG,2025-04-02 21:30:00+00:00,0.35512235000000003,-19.12,-2.0572,1.6419,0.4145,2.5,backtest,ENA,15m,False
2025-04-04 10:15:00+00:00,0.30345165,2727.2730530261247,LONG,2025-04-04 11:15:00+00:00,0.29475255,-25.77,-2.8667,1.6315,0.4136,1.0,backtest,ENA,15m,False
2025-04-05 13:15:00+00:00,0.31775879999999995,2596.4933545567806,LONG,2025-04-06 07:45:00+00:00,0.31064460000000005,-20.52,-2.2389,1.6316,0.4123,18.5,backtest,ENA,15m,False
2025-04-08 08:15:00+00:00,0.2935467,2803.8034371592857,LONG,2025-04-08 11:30:00+00:00,0.30274855,23.72,3.1347,1.6719,0.4113,3.25,backtest,ENA,15m,True
2025-04-08 15:15:00+00:00,0.29464724999999997,2801.5237878757184,LONG,2025-04-08 16:30:00+00:00,0.28745620000000005,-22.19,-2.4406,1.6308,0.4125,1.25,backtest,ENA,15m,False
2025-04-10 00:00:00+00:00,0.31375679999999995,2623.9511768693446,LONG,2025-04-10 03:00:00+00:00,0.30364810000000003,-28.56,-3.2218,1.62,0.4114,3.0,backtest,ENA,15m,False
2025-04-10 17:45:00+00:00,0.29824904999999996,2750.9446923663354,LONG,2025-04-11 03:15:00+00:00,0.31384300000000004,40.8,5.2285,1.6839,0.41,9.5,backtest,ENA,15m,True
2025-04-12 03:15:00+00:00,0.30885434999999994,2669.834910490241,LONG,2025-04-12 07:30:00+00:00,0.3128435,8.58,1.2916,1.6598,0.4121,4.25,backtest,ENA,15m,True
2025-04-12 11:30:00+00:00,0.31105545,2653.8343210848193,LONG,2025-04-12 13:45:00+00:00,0.32053965,23.08,3.049,1.6762,0.4125,2.25,backtest,ENA,15m,True
2025-04-13 04:00:00+00:00,0.33206594999999994,2492.9991678106476,LONG,2025-04-13 05:00:00+00:00,0.32493745,-19.82,-2.1467,1.6379,0.4137,1.0,backtest,ENA,15m,False
2025-04-13 13:45:00+00:00,0.3165582,2608.993360601311,LONG,2025-04-13 17:15:00+00:00,0.32713635,25.51,3.3416,1.6794,0.4127,3.5,backtest,ENA,15m,True
2025-04-13 21:15:00+00:00,0.31145565000000003,2660.062289442266,LONG,2025-04-14 10:15:00+00:00,0.31464260000000005,6.4,1.0232,1.6655,0.414,13.0,backtest,ENA,15m,True
2025-04-14 15:15:00+00:00,0.3045522,2722.597216671384,LONG,2025-04-14 16:00:00+00:00,0.29675155000000003,-23.29,-2.5614,1.6371,0.4144,0.75,backtest,ENA,15m,False
2025-04-15 12:30:00+00:00,0.2953476,2799.6987811189297,LONG,2025-04-15 15:30:00+00:00,0.28875555,-20.5,-2.232,1.6353,0.4132,3.0,backtest,ENA,15m,False
2025-04-17 09:15:00+00:00,0.2707353,3046.7922185716757,LONG,2025-04-17 17:45:00+00:00,0.277861,19.63,2.632,1.6715,0.4122,8.5,backtest,ENA,15m,True
2025-04-18 16:00:00+00:00,0.2803401,2949.557030890693,LONG,2025-04-18 19:00:00+00:00,0.28185899999999997,2.41,0.5418,1.6582,0.4132,3.0,backtest,ENA,15m,True
2025-04-18 23:00:00+00:00,0.27943965,2960.07183736741,LONG,2025-04-19 02:30:00+00:00,0.28415785,11.88,1.6885,1.6683,0.4134,3.5,backtest,ENA,15m,True
2025-04-19 12:15:00+00:00,0.2809404,2948.639086973897,LONG,2025-04-19 14:15:00+00:00,0.28405790000000003,7.11,1.1097,1.666,0.414,2.0,backtest,ENA,15m,True
2025-04-20 07:45:00+00:00,0.28304144999999997,2929.411437784448,LONG,2025-04-20 10:45:00+00:00,0.27696145000000005,-19.87,-2.1481,1.6405,0.4144,3.0,backtest,ENA,15m,False
2025-04-21 17:30:00+00:00,0.2867433,2884.805884698295,LONG,2025-04-22 08:30:00+00:00,0.2952523,22.45,2.9675,1.679,0.4134,15.0,backtest,ENA,15m,True
2025-04-23 08:15:00+00:00,0.33746865,2457.966653362976,LONG,2025-04-23 12:00:00+00:00,0.35372305000000004,37.84,4.8166,1.6989,0.4145,3.75,backtest,ENA,15m,True
2025-04-23 19:15:00+00:00,0.33106545,2517.0671950477295,LONG,2025-04-23 22:45:00+00:00,0.3412293,23.47,3.07,1.6922,0.4164,3.5,backtest,ENA,15m,True
2025-04-24 02:30:00+00:00,0.33286635,2510.630062382955,LONG,2025-04-24 13:30:00+00:00,0.34612685000000004,31.17,3.9837,1.7047,0.4176,11.0,backtest,ENA,15m,True
2025-04-24 19:45:00+00:00,0.35357669999999997,2372.5109535025363,LONG,2025-04-25 00:00:00+00:00,0.3624187,18.86,2.5007,1.6987,0.4192,4.25,backtest,ENA,15m,True
2025-04-26 05:00:00+00:00,0.36348165,2313.1661804806286,LONG,2025-04-26 08:15:00+00:00,0.3734132,20.85,2.7323,1.7046,0.4202,3.25,backtest,ENA,15m,True
2025-04-26 11:45:00+00:00,0.35767875,2356.643772617477,LONG,2025-04-27 00:15:00+00:00,0.3674162,20.82,2.7224,1.7088,0.4213,12.5,backtest,ENA,15m,True
2025-04-27 01:30:00+00:00,0.3553776,2377.8829914447156,LONG,2025-04-27 05:15:00+00:00,0.34642670000000003,-23.38,-2.5187,1.6688,0.4223,3.75,backtest,ENA,15m,False
2025-04-27 17:45:00+00:00,0.34807394999999997,2421.1806250244645,LONG,2025-04-28 00:00:00+00:00,0.34092945,-19.39,-2.0526,1.6682,0.4212,6.25,backtest,ENA,15m,False
2025-04-28 14:45:00+00:00,0.33826905,2485.7500964312285,LONG,2025-04-28 15:15:00+00:00,0.33073455000000007,-20.81,-2.2274,1.663,0.4202,0.5,backtest,ENA,15m,False
2025-04-28 23:00:00+00:00,0.33426705,2509.407131133765,LONG,2025-04-29 05:00:00+00:00,0.32673655,-20.98,-2.2528,1.6587,0.4192,6.0,backtest,ENA,15m,False
2025-04-29 10:30:00+00:00,0.3237618,2584.478806119662,LONG,2025-04-29 21:00:00+00:00,0.31334325,-28.99,-3.218,1.6466,0.4182,10.5,backtest,ENA,15m,False
2025-04-30 13:00:00+00:00,0.30665325,2719.34757699522,LONG,2025-04-30 20:30:00+00:00,0.31774105,28.04,3.6157,1.698,0.4167,7.5,backtest,ENA,15m,True
2025-05-01 08:00:00+00:00,0.31645815,2644.089138453203,LONG,2025-05-01 09:30:00+00:00,0.32953515,32.45,4.1323,1.7081,0.4182,1.5,backtest,ENA,15m,True
2025-05-01 17:45:00+00:00,0.3235617,2596.2036539912156,LONG,2025-05-02 03:45:00+00:00,0.3166416,-20.05,-2.1387,1.6621,0.4198,10.0,backtest,ENA,15m,False
2025-05-02 12:15:00+00:00,0.30785384999999993,2722.2926677030623,LONG,2025-05-02 16:30:00+00:00,0.31724130000000006,23.43,3.0493,1.7017,0.4188,4.25,backtest,ENA,15m,True
2025-05-02 20:00:00+00:00,0.31005495,2710.664156075886,LONG,2025-05-02 22:30:00+00:00,0.3034482,-19.99,-2.1308,1.663,0.42,2.5,backtest,ENA,15m,False
2025-05-03 17:00:00+00:00,0.29084535,2882.9640683888074,LONG,2025-05-04 22:30:00+00:00,0.2846576,-19.92,-2.1275,1.6591,0.419,29.5,backtest,ENA,15m,False
2025-05-05 10:15:00+00:00,0.28384185,2947.225357797227,LONG,2025-05-05 13:00:00+00:00,0.27776105,-19.99,-2.1423,1.6552,0.4181,2.75,backtest,ENA,15m,False
2025-05-07 13:15:00+00:00,0.2675337,3119.5593456821616,LONG,2025-05-08 02:15:00+00:00,0.27496245,21.06,2.7768,1.6924,0.4171,13.0,backtest,ENA,15m,True
2025-05-09 16:30:00+00:00,0.3653826,2290.028410705998,LONG,2025-05-10 07:45:00+00:00,0.38030975,32.06,4.0853,1.7077,0.4182,15.25,backtest,ENA,15m,True
2025-05-11 06:00:00+00:00,0.40390185,2079.677899257694,LONG,2025-05-11 07:15:00+00:00,0.3936031,-23.5,-2.5498,1.6585,0.4198,1.25,backtest,ENA,15m,False
2025-05-11 22:00:00+00:00,0.4028013,2079.628180182234,LONG,2025-05-12 00:30:00+00:00,0.41629175,25.93,3.3492,1.7034,0.4186,2.5,backtest,ENA,15m,True
2025-05-12 12:15:00+00:00,0.40630305,2068.193733059499,LONG,2025-05-12 17:30:00+00:00,0.39270355000000007,-30.2,-3.3471,1.6525,0.4199,5.25,backtest,ENA,15m,False
2025-05-13 01:00:00+00:00,0.37448715,2235.948667509797,LONG,2025-05-13 02:00:00+00:00,0.36571705000000004,-21.68,-2.3419,1.655,0.4185,1.0,backtest,ENA,15m,False
2025-05-14 03:00:00+00:00,0.43331654999999997,1927.4743292257106,LONG,2025-05-14 08:45:00+00:00,0.42098940000000007,-25.82,-2.8448,1.6466,0.4174,5.75,backtest,ENA,15m,False
2025-05-15 03:30:00+00:00,0.39129555,2127.9684002504678,LONG,2025-05-15 05:30:00+00:00,0.3816091,-22.67,-2.4755,1.6447,0.4161,2.0,backtest,ENA,15m,False
2025-05-16 22:45:00+00:00,0.3787893,2192.34739754158,LONG,2025-05-17 08:45:00+00:00,0.369815,-21.73,-2.3692,1.6412,0.415,10.0,backtest,ENA,15m,False
2025-05-18 11:45:00+00:00,0.3759879,2203.009918196078,LONG,2025-05-18 13:45:00+00:00,0.38850565000000004,25.48,3.3293,1.6842,0.4139,2.0,backtest,ENA,15m,True
2025-05-18 18:30:00+00:00,0.37898940000000003,2192.3980461726246,LONG,2025-05-18 19:45:00+00:00,0.36801590000000006,-26.11,-2.8955,1.6377,0.4152,1.25,backtest,ENA,15m,False
2025-05-19 03:00:00+00:00,0.36588285,2263.906972272829,LONG,2025-05-19 04:30:00+00:00,0.35302340000000004,-31.15,-3.5146,1.6275,0.414,1.5,backtest,ENA,15m,False
2025-05-20 08:45:00+00:00,0.37388684999999994,2207.216397207593,LONG,2025-05-20 11:00:00+00:00,0.36571705000000004,-20.08,-2.1851,1.6325,0.4124,2.25,backtest,ENA,15m,False
2025-05-21 09:15:00+00:00,0.37948965,2169.44442462312,LONG,2025-05-21 11:45:00+00:00,0.39090445,22.68,3.0079,1.6713,0.4114,2.5,backtest,ENA,15m,True
2025-05-22 12:45:00+00:00,0.40990485,2014.1066968096052,LONG,2025-05-22 13:00:00+00:00,0.40069955,-20.59,-2.2457,1.6326,0.4126,0.25,backtest,ENA,15m,False
2025-05-23 06:00:00+00:00,0.42131054999999995,1954.7903219103248,LONG,2025-05-23 11:45:00+00:00,0.4003997,-42.89,-4.9633,1.6063,0.4116,5.75,backtest,ENA,15m,False
2025-05-24 08:15:00+00:00,0.3659829,2238.6931293477155,LONG,2025-05-24 11:45:00+00:00,0.3760119,20.38,2.7403,1.6611,0.4095,3.5,backtest,ENA,15m,True
2025-05-25 01:00:00+00:00,0.35807894999999995,2293.917354078289,LONG,2025-05-25 19:45:00+00:00,0.3628185,8.81,1.3236,1.6537,0.4105,18.75,backtest,ENA,15m,True
2025-05-26 11:15:00+00:00,0.38379179999999996,2142.635208868916,LONG,2025-05-26 15:00:00+00:00,0.37511235000000004,-20.63,-2.2615,1.626,0.411,3.75,backtest,ENA,15m,False
2025-05-27 20:30:00+00:00,0.4004001,2048.7070765111275,LONG,2025-05-28 10:00:00+00:00,0.39140420000000004,-20.46,-2.2467,1.6222,0.4099,13.5,backtest,ENA,15m,False
2025-05-28 15:00:00+00:00,0.38008995,2152.9017083297617,LONG,2025-05-28 23:00:00+00:00,0.38320830000000006,4.66,0.8204,1.6433,0.4089,8.0,backtest,ENA,15m,True
2025-05-29 06:00:00+00:00,0.39049514999999996,2096.8341739976854,LONG,2025-05-29 13:30:00+00:00,0.3814092,-21.08,-2.3268,1.6185,0.4092,7.5,backtest,ENA,15m,False
2025-06-01 02:00:00+00:00,0.30025004999999994,2720.1844399702845,LONG,2025-06-01 05:00:00+00:00,0.3114442,28.38,3.7283,1.6639,0.4082,3.0,backtest,ENA,15m,True
2025-06-01 08:15:00+00:00,0.30675329999999995,2671.904670638482,LONG,2025-06-01 16:00:00+00:00,0.3144427,18.48,2.5067,1.6598,0.4096,7.75,backtest,ENA,15m,True
2025-06-02 03:00:00+00:00,0.30595289999999997,2685.070397897512,LONG,2025-06-02 13:15:00+00:00,0.30894545,5.97,0.9781,1.651,0.4105,10.25,backtest,ENA,15m,True
2025-06-04 07:00:00+00:00,0.34057019999999993,2414.0215729736055,LONG,2025-06-04 11:45:00+00:00,0.33353315,-19.03,-2.0663,1.6273,0.4109,4.75,backtest,ENA,15m,False
2025-06-04 19:15:00+00:00,0.32886434999999997,2494.2849260571093,LONG,2025-06-04 20:00:00+00:00,0.31974005000000005,-24.79,-2.7745,1.6178,0.4099,0.75,backtest,ENA,15m,False
2025-06-06 18:00:00+00:00,0.29674829999999996,2756.014212675609,LONG,2025-06-07 00:30:00+00:00,0.30184900000000003,12.0,1.7189,1.6498,0.4087,6.5,backtest,ENA,15m,True
2025-06-07 22:15:00+00:00,0.3215607,2547.2140654582267,LONG,2025-06-08 09:00:00+00:00,0.3132433,-23.21,-2.5866,1.617,0.4093,10.75,backtest,ENA,15m,False
2025-06-08 23:30:00+00:00,0.316158,2583.526214122135,LONG,2025-06-09 08:45:00+00:00,0.32463759999999997,19.84,2.6821,1.6555,0.4082,9.25,backtest,ENA,15m,True
2025-06-09 20:00:00+00:00,0.3273636,2501.2819626874107,LONG,2025-06-09 21:00:00+00:00,0.3340329,14.62,2.0373,1.6543,0.4092,1.0,backtest,ENA,15m,True
2025-06-10 05:30:00+00:00,0.33986985,2413.665597237809,LONG,2025-06-10 11:15:00+00:00,0.3550224,34.49,4.4583,1.6773,0.41,5.75,backtest,ENA,15m,True
2025-06-10 15:15:00+00:00,0.35617799999999994,2312.9544848985233,LONG,2025-06-10 20:45:00+00:00,0.36351815000000004,14.9,2.0608,1.6646,0.4117,5.5,backtest,ENA,15m,True
2025-06-11 02:45:00+00:00,0.3579789,2305.5983135154524,LONG,2025-06-11 10:00:00+00:00,0.3506246,-19.0,-2.0544,1.6337,0.4125,7.25,backtest,ENA,15m,False
2025-06-11 18:45:00+00:00,0.36068025,2283.1736358158796,LONG,2025-06-11 21:30:00+00:00,0.34892545,-28.87,-3.2591,1.6201,0.4115,2.75,backtest,ENA,15m,False
2025-06-12 04:00:00+00:00,0.34047014999999997,2410.3386916397244,LONG,2025-06-12 07:30:00+00:00,0.3324337,-21.4,-2.3604,1.6219,0.4101,3.5,backtest,ENA,15m,False
2025-06-12 19:45:00+00:00,0.31995989999999996,2558.2833284446374,LONG,2025-06-12 21:45:00+00:00,0.31274355000000004,-20.49,-2.2554,1.6186,0.4091,2.0,backtest,ENA,15m,False
2025-06-13 11:30:00+00:00,0.2929464,2787.3326470651714,LONG,2025-06-13 22:45:00+00:00,0.29605190000000003,6.61,1.0601,1.6417,0.4081,11.25,backtest,ENA,15m,True
2025-06-14 16:30:00+00:00,0.290145,2816.6635562804004,LONG,2025-06-14 23:30:00+00:00,0.293853,8.39,1.278,1.6449,0.4084,7.0,backtest,ENA,15m,True
2025-06-15 09:00:00+00:00,0.29384685,2784.175543126653,LONG,2025-06-15 13:15:00+00:00,0.29994995,14.93,2.077,1.6532,0.4089,4.25,backtest,ENA,15m,True
2025-06-15 21:00:00+00:00,0.29424704999999995,2785.6043619458446,LONG,2025-06-16 04:30:00+00:00,0.3068465,33.01,4.2819,1.6744,0.4096,7.5,backtest,ENA,15m,True
2025-06-16 10:45:00+00:00,0.30945465,2659.516677846389,LONG,2025-06-16 14:30:00+00:00,0.31364310000000006,9.07,1.3535,1.6571,0.4113,3.75,backtest,ENA,15m,True
2025-06-16 22:30:00+00:00,0.30255119999999996,2723.335711761323,LONG,2025-06-16 23:45:00+00:00,0.29415285,-24.91,-2.7758,1.625,0.4118,1.25,backtest,ENA,15m,False
2025-06-17 05:30:00+00:00,0.29204595,2812.9053276711757,LONG,2025-06-17 11:15:00+00:00,0.28585699999999997,-19.45,-2.1192,1.6256,0.4105,5.75,backtest,ENA,15m,False
2025-06-18 10:45:00+00:00,0.27063525,3028.4052284863624,LONG,2025-06-18 22:15:00+00:00,0.28495745000000006,41.28,5.2921,1.6826,0.4096,11.5,backtest,ENA,15m,True
2025-06-19 15:30:00+00:00,0.2815407,2925.915773444951,LONG,2025-06-20 07:30:00+00:00,0.28845570000000004,18.15,2.4561,1.6678,0.4117,16.0,backtest,ENA,15m,True
2025-06-20 14:30:00+00:00,0.28224105,2925.2364133486703,LONG,2025-06-20 16:15:00+00:00,0.27516235,-22.75,-2.508,1.6305,0.4126,1.75,backtest,ENA,15m,False
2025-06-21 05:00:00+00:00,0.26773379999999997,3075.394067369442,LONG,2025-06-21 13:45:00+00:00,0.2614692,-21.31,-2.3399,1.6275,0.4115,8.75,backtest,ENA,15m,False
2025-06-23 11:15:00+00:00,0.2407203,3411.829140509448,LONG,2025-06-23 16:15:00+00:00,0.23378305000000002,-25.7,-2.8819,1.6189,0.4104,5.0,backtest,ENA,15m,False
2025-06-24 09:00:00+00:00,0.26763375,3059.2797336200224,LONG,2025-06-24 16:45:00+00:00,0.2760619,23.71,3.1491,1.6633,0.4092,7.75,backtest,ENA,15m,True
2025-06-24 20:00:00+00:00,0.26433209999999996,3106.621508527366,LONG,2025-06-25 16:30:00+00:00,0.2588705,-19.0,-2.0662,1.6254,0.4104,20.5,backtest,ENA,15m,False
2025-06-26 06:15:00+00:00,0.26123055,3136.385108052496,LONG,2025-06-26 08:00:00+00:00,0.26476755,9.03,1.354,1.6497,0.4095,1.75,backtest,ENA,15m,True
2025-06-26 10:30:00+00:00,0.25722855,3188.854598477407,LONG,2025-06-26 13:00:00+00:00,0.2514742,-20.38,-2.2371,1.6222,0.4099,2.5,backtest,ENA,15m,False
2025-06-27 00:00:00+00:00,0.25022504999999995,3270.1212382616627,LONG,2025-06-27 21:45:00+00:00,0.2520739,3.99,0.7389,1.6426,0.4089,21.75,backtest,ENA,15m,True
2025-06-28 21:15:00+00:00,0.2633316,3109.033662099468,LONG,2025-06-29 07:00:00+00:00,0.26446770000000003,1.48,0.4314,1.6409,0.4091,9.75,backtest,ENA,15m,True
2025-06-30 01:45:00+00:00,0.27383684999999997,2990.4522556896077,LONG,2025-06-30 06:45:00+00:00,0.2680659,-19.29,-2.1074,1.6205,0.4092,5.0,backtest,ENA,15m,False
2025-06-30 22:45:00+00:00,0.26703345,3059.5689573998216,LONG,2025-07-01 05:15:00+00:00,0.26126930000000004,-19.66,-2.1586,1.6164,0.4083,6.5,backtest,ENA,15m,False
2025-07-03 11:00:00+00:00,0.2791395,2919.9775493240627,LONG,2025-07-03 15:30:00+00:00,0.27186400000000005,-23.26,-2.6064,1.6089,0.4073,4.5,backtest,ENA,15m,False
2025-07-04 04:30:00+00:00,0.2707353,3002.1744857074464,LONG,2025-07-04 07:15:00+00:00,0.26476755,-19.93,-2.2043,1.6077,0.4062,2.75,backtest,ENA,15m,False
2025-07-05 18:30:00+00:00,0.25022504999999995,3240.447927669002,LONG,2025-07-05 21:30:00+00:00,0.25457265,12.05,1.7375,1.6358,0.4052,3.0,backtest,ENA,15m,True
2025-07-06 02:15:00+00:00,0.25402695,3196.8541395811817,LONG,2025-07-06 13:15:00+00:00,0.25877055000000004,13.12,1.8674,1.6393,0.4058,11.0,backtest,ENA,15m,True
2025-07-07 01:00:00+00:00,0.26143065,3111.4955648260093,LONG,2025-07-07 02:30:00+00:00,0.26676655000000005,14.55,2.041,1.6435,0.4065,1.5,backtest,ENA,15m,True
2025-07-07 11:15:00+00:00,0.26303145,3098.249162463817,LONG,2025-07-07 16:45:00+00:00,0.2570714,-20.48,-2.2659,1.6114,0.4073,5.5,backtest,ENA,15m,False
2025-07-08 15:15:00+00:00,0.25342665000000003,3207.7457279144237,LONG,2025-07-08 18:15:00+00:00,0.2620689,25.66,3.4102,1.6536,0.4063,3.0,backtest,ENA,15m,True
2025-07-09 15:45:00+00:00,0.2691345,3030.218764461548,LONG,2025-07-09 18:30:00+00:00,0.27396295000000004,12.58,1.7941,1.6457,0.4076,2.75,backtest,ENA,15m,True
2025-07-10 12:00:00+00:00,0.28704345,2845.6863103464098,LONG,2025-07-10 16:30:00+00:00,0.3014492,38.91,5.0187,1.6747,0.4082,4.5,backtest,ENA,15m,True
2025-07-11 11:30:00+00:00,0.3589794,2286.397319831517,LONG,2025-07-11 12:30:00+00:00,0.35092445000000005,-20.45,-2.2438,1.6231,0.4102,1.0,backtest,ENA,15m,False
2025-07-12 12:30:00+00:00,0.3247623,2521.119425140714,LONG,2025-07-12 15:30:00+00:00,0.31304339999999997,-31.56,-3.6085,1.608,0.4092,3.0,backtest,ENA,15m,False
2025-07-13 22:15:00+00:00,0.3387693,2407.6789538116127,LONG,2025-07-14 01:45:00+00:00,0.34892545,22.39,2.998,1.6558,0.4076,3.5,backtest,ENA,15m,True
2025-07-14 14:00:00+00:00,0.34987485,2337.7746426640947,LONG,2025-07-14 15:45:00+00:00,0.34212885,-20.13,-2.2139,1.6177,0.4088,1.75,backtest,ENA,15m,False
2025-07-16 03:00:00+00:00,0.3499749,2331.467062024454,LONG,2025-07-16 07:30:00+00:00,0.3626186,27.41,3.6127,1.6614,0.4078,4.5,backtest,ENA,15m,True
2025-07-17 03:45:00+00:00,0.3627813,2256.836389858042,LONG,2025-07-17 08:00:00+00:00,0.37831075000000003,32.97,4.2807,1.6725,0.4092,4.25,backtest,ENA,15m,True
2025-07-18 15:15:00+00:00,0.3863931,2127.5669694591447,LONG,2025-07-19 04:15:00+00:00,0.39850065,23.68,3.1335,1.6699,0.4108,13.0,backtest,ENA,15m,True
2025-07-20 22:45:00+00:00,0.49494734999999995,1665.808233716993,LONG,2025-07-21 06:15:00+00:00,0.50864555,20.73,2.7676,1.6718,0.412,7.5,backtest,ENA,15m,True
2025-07-21 09:30:00+00:00,0.49054515,1685.0703857641665,LONG,2025-07-21 13:15:00+00:00,0.5258369500000001,57.34,7.1944,1.7127,0.4131,3.75,backtest,ENA,15m,True
2025-07-21 21:00:00+00:00,0.5116556999999999,1626.839374834167,LONG,2025-07-22 01:00:00+00:00,0.50004985,-20.94,-2.2683,1.6459,0.416,4.0,backtest,ENA,15m,False
2025-07-22 13:45:00+00:00,0.49014494999999997,1694.0456900894044,LONG,2025-07-23 06:15:00+00:00,0.47966005,-19.82,-2.1391,1.6429,0.415,16.5,backtest,ENA,15m,False
2025-07-24 05:45:00+00:00,0.44572275,1858.5241415447194,LONG,2025-07-24 06:30:00+00:00,0.4275861,-35.74,-4.069,1.623,0.414,0.75,backtest,ENA,15m,False
2025-07-24 23:00:00+00:00,0.47113544999999996,1750.773964658562,LONG,2025-07-25 09:00:00+00:00,0.5371313,113.37,14.0078,1.7653,0.4122,10.0,backtest,ENA,15m,True
2025-07-25 19:15:00+00:00,0.5380689,1554.1415228977526,LONG,2025-07-25 21:15:00+00:00,0.5751123,55.42,6.8845,1.7301,0.4179,2.0,backtest,ENA,15m,True
2025-07-26 03:45:00+00:00,0.5850924,1438.7848368485184,LONG,2025-07-26 12:00:00+00:00,0.5729134000000001,-19.61,-2.0816,1.6661,0.4207,8.25,backtest,ENA,15m,False
2025-07-27 04:30:00+00:00,0.6217107,1350.953436195862,LONG,2025-07-27 08:00:00+00:00,0.6086955000000001,-19.66,-2.0934,1.6622,0.4197,3.5,backtest,ENA,15m,False
2025-07-28 01:30:00+00:00,0.65442705,1280.47385877548,LONG,2025-07-28 04:30:00+00:00,0.6815590499999999,32.61,4.1459,1.7107,0.4188,3.0,backtest,ENA,15m,True
2025-07-28 11:45:00+00:00,0.6680338499999999,1259.3396156824003,LONG,2025-07-28 14:15:00+00:00,0.6443776500000001,-31.86,-3.5412,1.6528,0.4204,2.5,backtest,ENA,15m,False
2025-07-29 11:00:00+00:00,0.6124060499999999,1368.5944562625812,LONG,2025-07-29 13:45:00+00:00,0.5853072,-39.15,-4.425,1.6392,0.4189,2.75,backtest,ENA,15m,False
2025-07-30 11:45:00+00:00,0.5590793999999999,1492.2047539946143,LONG,2025-07-30 15:30:00+00:00,0.5446275500000001,-23.63,-2.5849,1.6469,0.4169,3.75,backtest,ENA,15m,False
2025-07-31 13:00:00+00:00,0.646323,1287.187012331409,LONG,2025-07-31 14:15:00+00:00,0.62298835,-32.09,-3.6104,1.6338,0.4158,1.25,backtest,ENA,15m,False
2025-08-01 17:45:00+00:00,0.5757877499999999,1439.3671963108343,LONG,2025-08-01 22:15:00+00:00,0.56221875,-21.58,-2.3566,1.638,0.4142,4.5,backtest,ENA,15m,False
2025-08-04 17:15:00+00:00,0.6067032,1362.5312403385071,LONG,2025-08-04 22:45:00+00:00,0.6082957000000001,0.1,0.2625,1.6555,0.4131,5.5,backtest,ENA,15m,True
2025-08-05 03:45:00+00:00,0.5872934999999999,1407.649709873243,LONG,2025-08-05 11:30:00+00:00,0.595702,9.76,1.4317,1.6652,0.4131,7.75,backtest,ENA,15m,True
2025-08-05 16:15:00+00:00,0.5781889499999999,1431.5754922883934,LONG,2025-08-05 20:15:00+00:00,0.5805096000000001,1.25,0.4014,1.6588,0.4137,4.0,backtest,ENA,15m,True
2025-08-06 02:45:00+00:00,0.5681839499999999,1457.0766312868268,LONG,2025-08-06 04:00:00+00:00,0.55642165,-19.19,-2.0702,1.6386,0.4137,1.25,backtest,ENA,15m,False
2025-08-06 10:15:00+00:00,0.57058515,1447.6522862069367,LONG,2025-08-06 15:30:00+00:00,0.5844076500000001,17.93,2.4225,1.672,0.4128,5.25,backtest,ENA,15m,True
2025-08-06 21:30:00+00:00,0.5933965499999999,1395.0934283550307,LONG,2025-08-07 09:00:00+00:00,0.6158919,29.28,3.7909,1.6871,0.4137,11.5,backtest,ENA,15m,True
2025-08-07 14:45:00+00:00,0.6203099999999999,1339.3540567813425,LONG,2025-08-07 19:30:00+00:00,0.6321837499999999,13.81,1.9142,1.6775,0.4152,4.75,backtest,ENA,15m,True
2025-08-08 00:45:00+00:00,0.6319158,1317.0077210766167,LONG,2025-08-08 05:45:00+00:00,0.61799085,-20.4,-2.2036,1.6461,0.4159,5.0,backtest,ENA,15m,False
2025-08-08 22:15:00+00:00,0.6475236,1282.1748102138026,LONG,2025-08-09 04:15:00+00:00,0.6588704000000001,12.46,1.7523,1.675,0.4149,6.0,backtest,ENA,15m,True
2025-08-09 23:00:00+00:00,0.73846905,1126.0139438650865,LONG,2025-08-10 14:15:00+00:00,0.7695150500000001,32.84,4.2041,1.698,0.4156,15.25,backtest,ENA,15m,True
2025-08-11 10:30:00+00:00,0.82051005,1017.4819070286658,LONG,2025-08-11 11:15:00+00:00,0.7992002,-23.75,-2.5971,1.648,0.4172,0.75,backtest,ENA,15m,False
2025-08-12 05:00:00+00:00,0.7986991499999999,1042.3448224077138,LONG,2025-08-12 09:00:00+00:00,0.77731115,-24.35,-2.6779,1.6427,0.4161,4.0,backtest,ENA,15m,False
2025-08-13 04:00:00+00:00,0.7950973499999999,1044.0546509096525,LONG,2025-08-13 09:45:00+00:00,0.8007994,3.87,0.7172,1.6662,0.4149,5.75,backtest,ENA,15m,True
2025-08-13 15:45:00+00:00,0.77448705,1072.3923725337604,LONG,2025-08-14 05:30:00+00:00,0.75672145,-21.11,-2.2939,1.642,0.4151,13.75,backtest,ENA,15m,False
2025-08-15 15:30:00+00:00,0.6881438999999999,1203.9394612750118,LONG,2025-08-15 21:45:00+00:00,0.7078459000000001,21.63,2.8631,1.6807,0.414,6.25,backtest,ENA,15m,True
2025-08-16 11:45:00+00:00,0.7064530499999999,1175.8582255243778,LONG,2025-08-16 15:15:00+00:00,0.7206395,14.59,2.0081,1.6781,0.4151,3.5,backtest,ENA,15m,True
2025-08-17 07:00:00+00:00,0.72406185,1149.3350997758014,LONG,2025-08-17 23:45:00+00:00,0.70894535,-19.44,-2.0877,1.647,0.4159,16.75,backtest,ENA,15m,False
2025-08-19 14:15:00+00:00,0.63521745,1307.090438784649,LONG,2025-08-20 08:30:00+00:00,0.65637165,25.55,3.3302,1.6882,0.4149,18.25,backtest,ENA,15m,True
2025-08-20 11:30:00+00:00,0.6357176999999999,1310.1478455135568,LONG,2025-08-20 17:00:00+00:00,0.6536730000000001,21.42,2.8244,1.6893,0.4162,5.5,backtest,ENA,15m,True
2025-08-21 02:30:00+00:00,0.6425211,1299.6752107399072,LONG,2025-08-21 12:45:00+00:00,0.62718625,-22.0,-2.3867,1.6502,0.4173,10.25,backtest,ENA,15m,False
2025-08-22 11:00:00+00:00,0.6428212499999999,1295.709522389291,LONG,2025-08-22 12:15:00+00:00,0.6293851500000001,-19.47,-2.0902,1.6484,0.4162,1.25,backtest,ENA,15m,False
2025-08-23 08:00:00+00:00,0.7361679,1128.8225057057673,LONG,2025-08-23 18:30:00+00:00,0.7460268,9.04,1.3392,1.6731,0.4153,10.5,backtest,ENA,15m,True
2025-08-23 22:00:00+00:00,0.7377687,1127.6555199981804,LONG,2025-08-24 02:45:00+00:00,0.7179408500000001,-24.42,-2.6875,1.6415,0.4158,4.75,backtest,ENA,15m,False
2025-08-24 22:15:00+00:00,0.68564265,1209.8834513094885,LONG,2025-08-25 04:30:00+00:00,0.6715640500000001,-19.09,-2.0533,1.6421,0.4146,6.25,backtest,ENA,15m,False
2025-08-25 19:30:00+00:00,0.63881925,1295.6391186916526,LONG,2025-08-25 20:45:00+00:00,0.62558705,-19.2,-2.0714,1.6382,0.4136,1.25,backtest,ENA,15m,False
2025-08-27 01:00:00+00:00,0.6169083,1338.6106731751827,LONG,2025-08-28 03:45:00+00:00,0.623688,7.0,1.099,1.6607,0.4127,26.75,backtest,ENA,15m,True
2025-08-29 01:45:00+00:00,0.6569282999999999,1258.191914282358,LONG,2025-08-29 09:00:00+00:00,0.6422787,-20.48,-2.23,1.6346,0.4131,7.25,backtest,ENA,15m,False
2025-08-30 01:15:00+00:00,0.6341169,1300.2873868689578,LONG,2025-08-30 03:45:00+00:00,0.6550723,25.16,3.3047,1.6763,0.4121,2.5,backtest,ENA,15m,True
2025-08-30 12:45:00+00:00,0.66083025,1251.5962406938831,LONG,2025-08-31 00:45:00+00:00,0.6650673,3.23,0.6412,1.6595,0.4133,12.0,backtest,ENA,15m,True
2025-08-31 10:00:00+00:00,0.6685341,1237.7187599789274,LONG,2025-08-31 14:00:00+00:00,0.6534731,-20.69,-2.2528,1.6363,0.4135,4.0,backtest,ENA,15m,False
2025-08-31 22:00:00+00:00,0.66243105,1246.0593879677479,LONG,2025-08-31 23:15:00+00:00,0.6485755500000001,-19.31,-2.0916,1.6336,0.4125,1.25,backtest,ENA,15m,False
2025-09-01 11:30:00+00:00,0.63241605,1302.2086454717364,LONG,2025-09-01 20:30:00+00:00,0.6173911500000001,-21.6,-2.3758,1.6275,0.4116,9.0,backtest,ENA,15m,False
2025-09-02 12:30:00+00:00,0.6705350999999999,1225.0175757959396,LONG,2025-09-02 21:30:00+00:00,0.68955505,21.22,2.8365,1.6661,0.4105,9.0,backtest,ENA,15m,True
2025-09-03 01:15:00+00:00,0.6790393499999999,1212.863035158436,LONG,2025-09-03 04:45:00+00:00,0.6990503,22.19,2.9469,1.6714,0.4116,3.5,backtest,ENA,15m,True
2025-09-04 03:15:00+00:00,0.71585775,1153.640882547164,LONG,2025-09-04 06:30:00+00:00,0.7011492500000001,-19.02,-2.0547,1.6347,0.4127,3.25,backtest,ENA,15m,False
2025-09-05 16:15:00+00:00,0.6573285,1253.5308186565362,LONG,2025-09-05 18:30:00+00:00,0.67116425,15.27,2.1048,1.6653,0.4118,2.25,backtest,ENA,15m,True
2025-09-06 15:00:00+00:00,0.73186575,1128.007614751208,LONG,2025-09-06 23:15:00+00:00,0.7418289,9.16,1.3613,1.6623,0.4126,8.25,backtest,ENA,15m,True
2025-09-07 06:45:00+00:00,0.7357677,1123.3276946083947,LONG,2025-09-08 03:30:00+00:00,0.76671645,32.66,4.2063,1.6878,0.413,20.75,backtest,ENA,15m,True
2025-09-08 19:45:00+00:00,0.77128545,1075.8891755451418,LONG,2025-09-08 23:00:00+00:00,0.77990985,7.2,1.1182,1.6689,0.4147,3.25,backtest,ENA,15m,True
2025-09-09 10:30:00+00:00,0.8198097,1013.1363965821289,LONG,2025-09-09 14:15:00+00:00,0.7990003,-23.14,-2.5383,1.6401,0.4151,3.75,backtest,ENA,15m,False
2025-09-09 22:45:00+00:00,0.8171083499999999,1013.7035395939931,LONG,2025-09-10 05:00:00+00:00,0.7976010000000001,-21.83,-2.3874,1.6368,0.4139,6.25,backtest,ENA,15m,False
2025-09-10 16:00:00+00:00,0.7875936,1048.9717112570709,LONG,2025-09-10 22:45:00+00:00,0.78410775,-5.72,-0.4426,1.6487,0.4129,6.75,backtest,ENA,15m,False
2025-09-11 11:45:00+00:00,0.7679837999999999,1075.0651490538553,LONG,2025-09-11 22:15:00+00:00,0.77491235,5.38,0.9022,1.6587,0.4126,10.5,backtest,ENA,15m,True
2025-09-12 04:00:00+00:00,0.7706851499999999,1072.0485536488895,LONG,2025-09-12 07:00:00+00:00,0.78110925,9.1,1.3526,1.6636,0.4129,3.0,backtest,ENA,15m,True
2025-09-12 09:15:00+00:00,0.7649822999999999,1081.2845337614356,LONG,2025-09-12 13:30:00+00:00,0.7491252500000001,-19.2,-2.0729,1.6372,0.4134,4.25,backtest,ENA,15m,False
2025-09-13 06:45:00+00:00,0.76038,1085.3576828041164,LONG,2025-09-13 09:45:00+00:00,0.7745125500000001,13.26,1.8586,1.6659,0.4124,3.0,backtest,ENA,15m,True
2025-09-13 16:45:00+00:00,0.7539768,1096.3895097563775,LONG,2025-09-13 20:00:00+00:00,0.7704146000000001,15.94,2.1801,1.6713,0.4131,3.25,backtest,ENA,15m,True
2025-09-13 23:30:00+00:00,0.75987975,1090.0253114995212,LONG,2025-09-14 03:45:00+00:00,0.7439278500000001,-19.44,-2.0993,1.6392,0.4139,4.25,backtest,ENA,15m,False
2025-09-15 06:30:00+00:00,0.75127545,1099.975374351967,LONG,2025-09-15 09:45:00+00:00,0.73433265,-20.68,-2.2552,1.6341,0.413,3.25,backtest,ENA,15m,False
2025-09-17 01:30:00+00:00,0.6930463499999999,1189.4679225956709,LONG,2025-09-17 04:45:00+00:00,0.67356305,-25.21,-2.8113,1.6255,0.412,3.25,backtest,ENA,15m,False
2025-09-18 02:30:00+00:00,0.702351,1170.1772097693572,LONG,2025-09-18 16:30:00+00:00,0.7078459000000001,4.37,0.7824,1.6502,0.4107,14.0,backtest,ENA,15m,True
2025-09-19 03:30:00+00:00,0.6876436499999999,1195.9004561952033,LONG,2025-09-19 08:45:00+00:00,0.6730633,-19.47,-2.1203,1.6273,0.411,5.25,backtest,ENA,15m,False
2025-09-20 11:15:00+00:00,0.6637316999999999,1236.1109325388004,LONG,2025-09-20 14:45:00+00:00,0.6712642,7.25,1.1349,1.6502,0.41,3.5,backtest,ENA,15m,True
2025-09-20 19:15:00+00:00,0.66663315,1231.880642948643,LONG,2025-09-21 09:30:00+00:00,0.65297335,-18.86,-2.0491,1.6256,0.4104,14.25,backtest,ENA,15m,False
2025-09-23 02:30:00+00:00,0.58659315,1396.8220861442646,LONG,2025-09-23 06:15:00+00:00,0.6011992500000001,18.33,2.49,1.6591,0.4095,3.75,backtest,ENA,15m,True
2025-09-23 20:15:00+00:00,0.59919945,1370.5645130843768,LONG,2025-09-25 03:15:00+00:00,0.58540715,-20.94,-2.3018,1.6236,0.4104,31.0,backtest,ENA,15m,False
2025-09-27 07:45:00+00:00,0.58579275,1398.4259711710195,LONG,2025-09-27 17:00:00+00:00,0.57361305,-19.06,-2.0792,1.6213,0.4094,9.25,backtest,ENA,15m,False
2025-09-28 01:30:00+00:00,0.5703850500000001,1432.9293663101687,LONG,2025-09-28 14:45:00+00:00,0.5714141500000001,-0.57,0.1804,1.6361,0.4085,13.25,backtest,ENA,15m,False
2025-09-29 01:45:00+00:00,0.5876937,1390.6994937341997,LONG,2025-09-29 09:30:00+00:00,0.5747125,-20.08,-2.2088,1.6165,0.4084,7.75,backtest,ENA,15m,False
2025-09-29 17:15:00+00:00,0.55857915,1459.6631432626025,LONG,2025-09-29 20:30:00+00:00,0.5725136,18.28,2.4946,1.651,0.4075,3.25,backtest,ENA,15m,True
2025-09-30 00:00:00+00:00,0.56318145,1451.0548777652161,LONG,2025-09-30 05:15:00+00:00,0.5485256,-23.29,-2.6023,1.6131,0.4084,5.25,backtest,ENA,15m,False
2025-10-01 19:45:00+00:00,0.58079025,1403.1194361072342,LONG,2025-10-02 01:30:00+00:00,0.58500735,3.87,0.7261,1.6358,0.4073,5.75,backtest,ENA,15m,True
2025-10-02 22:30:00+00:00,0.6293145,1295.610439576771,LONG,2025-10-03 01:45:00+00:00,0.6155920500000001,-19.8,-2.1805,1.6129,0.4075,3.25,backtest,ENA,15m,False
2025-10-03 20:00:00+00:00,0.61400685,1324.751150403306,LONG,2025-10-04 09:45:00+00:00,0.6012992,-18.85,-2.0696,1.61,0.4065,13.75,backtest,ENA,15m,False
2025-10-05 10:45:00+00:00,0.6066031499999999,1337.8778436410328,LONG,2025-10-05 19:00:00+00:00,0.5932032500000001,-19.94,-2.209,1.6052,0.4056,8.25,backtest,ENA,15m,False
2025-10-06 22:15:00+00:00,0.59959965,1350.2454114536583,LONG,2025-10-07 08:00:00+00:00,0.5852072500000001,-21.44,-2.4003,1.5998,0.4046,9.75,backtest,ENA,15m,False
2025-10-07 15:00:00+00:00,0.5636817,1432.550178917018,LONG,2025-10-07 18:45:00+00:00,0.5521238,-18.56,-2.0504,1.5984,0.4035,3.75,backtest,ENA,15m,False
2025-10-09 00:45:00+00:00,0.5721859499999999,1408.0839302003742,LONG,2025-10-09 02:30:00+00:00,0.5571213,-23.21,-2.6328,1.5901,0.4026,1.75,backtest,ENA,15m,False
